Computer_Time, BaseRightFront,BaseRightBack, BackRightL1,BackRightL2,Top,BackRightL3,BackRightL4,BackLeftL4,BackLeftL3,BackLeftL2, Middle, BackLeftL1, BaseLeftBack, BaseLeftRight,Posture
16:32:44,193.00,16,17,17,16,16,17,16,16,17,17,17,626,243,1
16:32:46,230.00,366,86,67,17,40,83,231,36,72,177,38,516,175,1
16:32:49,232.00,376,87,67,18,57,89,250,37,73,171,32,519,184,1
16:32:51,229.00,379,84,73,17,65,92,261,39,69,162,29,522,191,1
16:32:53,226.00,382,86,90,16,71,89,265,40,70,162,31,523,196,1
16:32:55,217.00,378,87,98,18,17,17,152,141,100,137,36,584,236,1
16:32:57,213.00,409,117,155,17,26,17,17,30,71,180,98,489,199,1
16:32:59,221.00,317,41,73,105,49,94,256,86,60,83,17,397,198,1
16:33:01,344.00,17,34,125,74,124,117,158,17,66,139,18,384,204,1
16:33:04,345.00,16,35,128,66,127,114,154,17,66,141,21,394,217,1
16:33:06,349.00,17,35,130,63,120,110,178,21,67,134,21,405,211,1
16:33:08,208.00,271,90,204,18,41,17,65,65,121,205,179,465,165,1
16:33:10,242.00,308,33,156,18,103,18,104,70,66,86,45,505,193,1
16:33:12,243.00,304,25,171,18,108,16,150,71,66,96,68,506,202,1
16:33:25,610.00,19,17,17,155,182,85,18,18,17,18,18,211,34,11
16:33:27,606.00,18,18,16,87,215,147,18,17,17,17,17,197,23,11
16:33:29,555.00,480,16,106,80,128,17,17,17,367,17,90,434,135,11
16:33:31,606.00,388,16,16,68,284,16,16,16,17,16,16,156,16,11
16:33:34,601.00,353,16,45,123,283,17,17,17,17,17,21,197,16,11
16:33:36,608.00,386,16,17,100,223,17,17,17,18,17,53,235,31,11
16:33:44,17.00,302,17,16,116,17,17,293,325,257,16,16,483,438,11
16:33:46,18.00,305,17,17,112,17,17,267,327,275,17,17,494,439,11
16:33:49,16.00,312,17,16,102,17,16,252,352,278,16,17,506,434,11
16:33:51,379.00,246,17,17,110,16,17,17,52,202,16,69,644,541,11
16:33:53,355.00,201,16,17,109,17,17,16,163,261,17,17,604,515,11
16:33:55,295.00,252,17,17,16,16,16,16,68,227,16,16,674,566,11
16:33:57,231.00,17,16,16,109,17,17,42,254,252,15,16,504,455,11
16:34:12,372.00,384,39,205,18,18,17,18,18,63,151,245,572,219,111
16:34:14,390.00,422,17,16,16,16,16,16,16,64,120,17,581,247,111
16:34:16,379.00,421,45,183,16,15,16,17,16,81,166,248,571,220,111
16:34:19,383.00,16,63,229,17,16,16,15,16,87,181,261,583,212,111
16:34:21,385.00,17,58,255,16,16,16,16,16,85,187,255,581,209,111
16:34:23,382.00,16,57,262,16,16,16,16,16,66,175,258,583,214,111
16:34:25,379.00,17,58,256,17,16,16,17,16,67,193,299,591,225,111
16:34:27,377.00,16,56,255,17,16,16,16,16,69,194,294,588,230,111
16:34:42,319.00,274,20,20,73,255,90,77,212,22,20,20,497,359,1111
16:34:44,318.00,270,20,21,69,253,129,71,205,23,20,20,494,365,1111
16:34:46,319.00,244,20,20,62,248,132,85,189,20,19,19,494,366,1111
16:34:49,322.00,277,18,18,54,236,67,79,164,20,19,19,515,413,1111
16:34:51,390.00,168,19,19,19,52,20,157,374,293,19,19,363,520,1111
16:34:53,335.00,199,19,18,19,66,19,252,356,212,19,20,407,539,1111
16:34:55,382.00,16,16,16,81,237,140,151,257,120,16,17,194,343,1111
16:34:57,387.00,16,16,17,30,238,176,131,270,117,16,16,15,349,1111
16:34:59,405.00,16,16,38,16,280,62,159,244,159,16,16,17,338,1111
16:35:01,405.00,16,17,38,16,276,78,216,220,138,16,16,16,350,1111
16:35:03,409.00,16,16,37,15,296,73,130,246,151,16,16,16,355,1111
16:35:06,408.00,16,16,47,17,311,57,173,249,159,16,16,17,355,1111
16:35:08,408.00,17,16,40,16,293,73,180,230,145,16,15,16,356,1111
16:35:10,410.00,15,16,18,16,309,90,223,254,136,17,16,15,358,1111
16:35:12,409.00,16,16,47,16,312,81,191,261,164,15,16,15,358,1111
16:35:14,411.00,17,16,43,16,300,92,216,252,149,16,17,16,358,1111
16:36:29,374.00,17,17,258,18,79,17,42,17,151,16,443,538,321,1
16:36:31,392.00,16,17,214,16,76,19,92,21,134,17,436,553,328,1
16:36:33,372.00,17,17,247,16,93,26,73,27,138,16,435,541,326,1
16:36:36,374.00,16,17,233,16,95,41,148,41,139,16,419,547,329,1
16:36:38,369.00,16,16,199,17,88,52,40,16,140,16,400,558,321,1
16:36:40,427.00,18,17,206,18,83,18,35,17,133,18,394,519,352,1
16:36:42,386.00,16,15,135,75,155,89,57,16,113,16,206,532,346,1
16:36:44,390.00,16,17,226,40,182,16,111,32,117,16,275,542,347,1
16:36:46,371.00,16,15,218,16,115,17,139,67,114,17,259,557,368,1
16:36:48,369.00,17,16,219,22,91,17,235,107,114,15,241,532,366,1
16:36:51,372.00,16,15,148,95,136,49,16,26,88,16,270,549,350,1
16:36:53,377.00,16,16,258,16,52,15,16,16,97,16,355,559,342,1
16:36:55,383.00,15,15,268,17,66,16,15,21,96,16,351,561,353,1
16:37:06,17.00,16,16,16,16,17,17,16,163,462,28,65,644,413,11
16:37:08,16.00,16,16,16,34,17,17,16,142,436,16,16,643,405,11
16:37:10,16.00,79,16,16,109,16,16,15,183,465,15,16,675,407,11
16:37:12,16.00,86,17,16,72,17,16,17,224,426,16,16,660,411,11
16:37:14,16.00,90,15,16,32,16,16,15,194,417,16,15,647,408,11
16:37:16,17.00,101,16,16,37,16,17,16,250,436,16,16,658,410,11
16:37:18,17.00,114,16,15,48,16,16,15,242,433,16,17,650,410,11
16:37:20,16.00,116,16,17,36,16,17,16,256,428,16,16,652,409,11
16:37:23,16.00,31,17,16,15,15,16,17,186,458,15,16,610,397,11
16:37:25,17.00,95,16,16,42,17,16,16,283,449,15,16,648,401,11
16:37:27,16.00,86,15,16,16,16,15,16,129,430,16,16,651,414,11
16:37:29,16.00,119,16,16,16,16,16,16,189,437,15,15,656,422,11
16:37:40,469.00,15,16,16,16,15,16,16,16,15,15,281,509,16,11
16:37:42,475.00,16,16,16,66,15,15,17,16,16,15,230,502,15,11
16:37:44,525.00,16,15,332,17,294,16,16,16,17,16,361,585,63,11
16:37:46,512.00,15,16,302,16,314,21,17,16,15,16,302,593,108,11
16:37:48,498.00,15,16,363,16,234,16,16,16,16,16,398,579,63,11
16:37:50,496.00,15,16,299,17,198,16,17,15,16,17,392,595,85,11
16:37:53,486.00,16,17,334,32,249,16,16,16,16,16,369,596,107,11
16:37:55,467.00,16,16,375,29,267,16,16,15,15,17,365,601,129,11
16:37:57,460.00,17,16,371,46,252,15,16,16,16,17,371,599,126,11
16:37:59,464.00,16,17,392,43,251,15,16,16,16,15,392,609,137,11
16:38:14,257.00,16,16,245,16,17,16,15,15,164,17,257,531,1023,111
16:38:16,274.00,16,48,219,15,16,16,16,17,162,16,260,529,1019,111
16:38:18,271.00,16,56,184,16,16,15,16,16,164,16,255,544,1013,111
16:38:20,269.00,17,46,193,16,16,15,17,16,165,16,258,548,1021,111
16:38:23,285.00,16,49,207,16,16,16,16,16,160,16,270,542,1011,111
16:38:25,289.00,17,16,176,16,15,16,16,16,152,16,171,554,1023,111
16:38:27,373.00,16,17,181,15,42,16,16,106,158,16,133,525,1011,111
16:38:29,378.00,16,56,416,16,16,16,17,16,120,50,315,512,1021,111
16:38:31,390.00,16,24,287,15,18,17,17,16,128,16,242,551,1023,111
16:38:33,377.00,15,16,206,16,16,16,17,17,156,16,337,542,1009,111
16:38:35,373.00,16,16,279,17,61,17,16,56,157,17,225,546,1008,111
16:38:38,374.00,17,16,290,16,40,16,17,52,160,16,272,551,1016,111
16:38:55,349.00,175,18,17,16,134,265,91,181,17,17,16,221,465,1111
16:38:57,339.00,168,16,16,16,108,274,69,190,15,16,17,238,459,1111
16:38:59,353.00,200,15,274,17,183,16,16,150,152,15,16,403,491,1111
16:39:01,373.00,187,16,93,16,119,15,16,280,119,16,17,389,502,1111
16:39:03,338.00,191,15,58,16,107,16,15,312,167,17,16,408,512,1111
16:39:05,346.00,188,16,62,16,122,16,16,315,138,16,16,403,514,1111
16:39:08,344.00,203,16,121,16,214,57,120,196,94,16,16,343,519,1111
16:39:10,356.00,202,18,82,17,228,188,146,99,46,17,16,291,515,1111
16:39:12,434.00,68,16,16,27,109,347,297,159,16,16,16,257,507,1111
16:39:14,379.00,98,17,17,16,43,524,446,241,17,17,17,278,493,1111
16:39:16,389.00,102,17,17,16,73,543,448,220,16,17,16,292,498,1111
16:39:18,356.00,18,18,49,18,25,19,18,18,50,18,19,432,572,1111
16:39:20,417.00,161,16,17,18,16,16,17,17,18,16,16,205,586,1111
16:39:23,282.00,45,16,17,100,127,205,267,171,16,17,17,290,511,1111
16:39:25,263.00,16,17,16,59,93,65,269,244,98,18,16,271,433,1111
16:39:46,465.00,414,15,257,16,96,15,16,16,124,16,39,625,330,1
16:39:48,465.00,418,16,261,17,95,16,15,15,120,15,45,635,326,1
16:39:50,464.00,415,15,261,19,99,16,16,16,112,15,47,640,326,1
16:39:53,465.00,336,16,266,16,108,17,15,16,117,16,48,632,326,1
16:39:55,465.00,424,16,269,16,95,15,16,16,121,15,45,641,328,1
16:39:57,467.00,429,16,282,18,88,16,15,16,120,16,45,641,329,1
16:39:59,466.00,427,16,258,19,112,15,16,16,120,15,41,634,329,1
16:40:01,463.00,431,15,268,16,110,15,16,16,122,16,38,627,330,1
16:40:03,463.00,421,15,260,15,102,16,16,15,117,16,45,621,330,1
16:40:05,460.00,426,16,268,16,115,15,15,16,115,15,38,617,333,1
16:40:08,461.00,413,15,273,16,115,16,16,16,117,15,36,581,334,1
16:40:27,311.00,198,15,16,36,15,15,99,192,39,16,16,456,513,11
16:40:29,315.00,205,16,15,34,15,16,116,224,39,15,15,474,515,11
16:40:31,314.00,208,15,15,46,15,15,113,209,32,15,15,478,517,11
16:40:33,309.00,212,15,16,56,15,15,99,206,36,16,14,484,526,11
16:40:35,309.00,215,15,15,59,15,15,131,198,42,16,16,483,529,11
16:40:37,307.00,204,15,16,17,15,15,115,180,52,15,16,491,531,11
16:40:40,314.00,211,15,14,16,15,15,110,189,47,15,15,507,535,11
16:40:42,310.00,198,16,16,29,17,17,172,240,45,16,16,496,529,11
16:40:44,312.00,202,15,16,28,15,15,178,244,42,15,15,499,534,11
16:40:46,312.00,209,16,15,26,16,15,183,240,43,15,15,501,532,11
16:40:48,313.00,213,16,15,29,15,16,151,211,53,15,16,502,533,11
16:41:05,251.00,455,17,16,33,318,241,16,17,16,18,16,394,16,11
16:41:07,273.00,432,17,16,37,310,239,16,16,17,16,17,406,16,11
16:41:10,284.00,453,18,17,43,309,230,19,17,18,17,17,419,17,11
16:41:12,283.00,466,18,17,37,297,241,17,17,17,18,18,416,17,11
16:41:14,291.00,464,17,17,31,312,258,17,16,15,16,17,413,15,11
16:41:16,283.00,466,17,17,36,308,264,17,17,17,17,17,421,17,11
16:41:18,283.00,474,17,17,28,309,264,16,17,17,16,17,420,16,11
16:41:20,278.00,473,16,16,30,315,266,17,16,17,16,17,425,16,11
16:41:22,278.00,471,16,17,39,310,264,17,16,16,17,16,425,16,11
16:41:25,258.00,445,16,16,35,305,276,17,16,16,16,15,409,17,11
16:41:27,267.00,454,15,16,39,309,267,15,15,15,16,16,418,16,11
16:41:29,274.00,460,16,16,41,307,253,16,16,16,16,17,422,16,11
16:41:40,402.00,16,16,16,15,16,15,15,15,15,15,15,596,227,111
16:41:42,362.00,17,15,16,15,15,15,15,16,15,15,15,617,208,111
16:41:44,397.00,386,16,177,16,17,16,16,15,56,15,16,570,230,111
16:41:46,368.00,394,16,202,16,15,15,15,16,57,16,16,589,209,111
16:41:48,356.00,16,16,252,15,16,16,16,16,68,15,15,561,201,111
16:41:50,373.00,391,16,235,15,15,15,16,16,57,16,15,569,218,111
16:41:52,385.00,405,16,235,16,16,16,15,16,56,16,16,577,228,111
16:41:55,384.00,402,16,241,16,16,16,16,15,62,17,16,576,228,111
16:41:57,383.00,409,16,228,16,15,15,16,16,62,16,16,576,231,111
16:41:59,385.00,407,16,244,16,16,16,16,17,71,16,16,578,235,111
16:42:01,386.00,411,16,236,16,16,16,15,16,69,16,16,579,238,111
16:42:03,386.00,407,16,242,16,17,17,16,16,77,16,16,577,239,111
16:42:05,385.00,412,16,230,16,16,16,16,16,63,16,15,577,240,111
16:42:07,384.00,412,16,228,16,17,17,17,16,66,15,16,577,240,111
16:42:10,382.00,384,15,226,16,17,16,17,15,75,15,16,571,241,111
16:42:12,383.00,415,16,257,16,16,16,16,16,62,17,16,573,243,111
16:42:14,383.00,407,15,261,16,16,17,15,15,66,16,16,571,241,111
16:42:16,420.00,449,17,246,16,16,16,16,16,82,16,16,590,225,111
16:42:18,390.00,422,16,259,15,16,16,15,16,59,16,15,576,224,111
16:42:20,388.00,411,16,287,16,16,16,16,15,69,16,17,558,238,111
16:42:44,372.00,138,15,17,189,210,345,114,137,16,16,16,16,479,1111
16:42:46,375.00,142,16,17,172,215,335,110,139,16,19,16,15,478,1111
16:42:48,378.00,139,17,16,175,204,327,122,142,16,16,16,16,478,1111
16:42:50,382.00,133,17,16,153,196,289,109,150,16,17,16,16,478,1111
16:42:52,381.00,135,16,16,179,170,273,140,163,16,16,16,16,473,1111
16:42:55,382.00,137,16,16,176,203,307,143,137,15,16,16,16,476,1111
16:42:57,392.00,131,16,17,189,198,309,121,114,15,17,17,16,485,1111
16:42:59,387.00,133,16,16,170,165,288,140,155,16,17,16,15,480,1111
16:43:01,387.00,136,16,16,171,185,292,137,167,15,17,16,16,480,1111
16:43:03,388.00,136,17,16,181,186,309,150,162,16,16,15,16,483,1111
16:43:05,387.00,135,15,16,167,188,310,146,176,16,16,16,16,482,1111
16:43:07,387.00,132,16,15,177,196,313,134,175,16,16,15,16,483,1111
16:43:10,388.00,135,16,16,164,193,310,138,188,16,17,15,16,483,1111
16:43:16,404.00,269,17,17,185,125,267,211,71,19,20,21,32,529,11
16:43:18,406.00,292,15,17,66,111,171,134,51,16,16,17,29,527,1111
16:43:20,404.00,300,16,15,70,104,157,147,56,17,16,16,34,528,1111
16:43:22,403.00,243,16,16,71,94,153,147,57,16,16,16,16,530,1111
16:43:25,403.00,280,16,17,71,118,165,146,65,16,16,16,16,531,1111
16:43:27,403.00,278,17,17,73,108,171,161,70,17,13,16,16,533,1111
16:43:44,416.00,448,15,16,93,180,40,16,15,16,15,16,382,324,1
16:43:46,397.00,411,15,15,109,133,37,49,16,15,16,16,344,322,1
16:43:48,379.00,418,16,16,47,151,20,35,16,16,16,16,362,317,1
16:43:50,394.00,470,15,16,49,203,46,15,16,16,16,15,406,329,1
16:43:52,405.00,410,15,15,48,131,69,49,15,16,17,15,356,340,1
16:43:54,392.00,402,16,15,54,136,43,33,16,15,16,16,358,326,1
16:43:57,385.00,352,15,15,58,141,45,32,16,16,16,16,365,320,1
16:43:59,386.00,415,16,17,64,144,44,36,15,15,14,15,366,323,1
16:44:01,384.00,419,16,15,64,146,44,46,14,15,15,16,372,320,1
16:44:03,382.00,418,16,16,64,146,43,45,16,16,15,16,375,322,1
16:44:05,381.00,392,16,15,66,135,48,50,16,16,15,16,379,324,1
16:44:07,380.00,422,16,15,65,134,45,59,15,16,16,16,379,318,1
16:44:09,374.00,431,16,15,67,122,32,62,16,17,15,16,389,324,1
16:44:12,374.00,427,16,15,63,143,39,57,15,14,16,16,381,321,1
16:44:14,375.00,436,15,15,53,221,60,15,15,16,16,15,369,314,1
16:44:16,373.00,438,16,16,44,185,62,16,16,16,15,15,379,320,1
16:44:18,373.00,443,15,15,58,135,61,16,16,15,16,15,385,312,1
16:44:33,451.00,245,16,16,219,16,16,93,15,15,15,16,436,15,11
16:44:35,447.00,274,15,15,167,15,15,84,15,15,16,16,441,15,11
16:44:37,445.00,292,15,16,234,16,16,97,16,15,16,15,439,16,11
16:44:39,442.00,305,16,15,209,16,16,92,16,15,16,16,447,15,11
16:44:42,443.00,304,15,15,203,16,15,89,16,16,15,15,450,16,11
16:44:44,441.00,300,15,16,204,15,16,95,15,14,16,16,462,18,11
16:44:46,440.00,306,17,16,183,15,16,99,16,15,15,16,464,16,11
16:44:48,438.00,306,15,15,171,16,16,77,15,16,15,15,460,15,11
16:44:50,437.00,303,16,16,212,16,15,82,15,16,16,15,481,16,11
16:44:52,436.00,304,15,15,171,15,14,76,16,16,15,16,464,16,11
16:44:54,436.00,305,16,16,151,16,15,72,15,15,16,16,464,15,11
16:44:57,436.00,298,16,15,121,16,16,68,16,15,15,16,467,15,11
16:44:59,445.00,282,16,16,79,15,16,59,16,15,15,16,467,16,11
16:45:01,445.00,301,15,15,97,16,15,63,15,16,16,15,464,15,11
16:45:03,444.00,301,16,16,110,15,16,69,16,16,16,17,465,16,11
16:45:05,444.00,306,16,17,103,16,16,61,16,16,16,16,466,15,11
16:45:14,144.00,273,16,16,84,236,16,15,16,16,16,15,563,15,1
16:45:16,184.00,292,15,15,83,275,16,15,15,16,15,16,574,16,11
16:45:18,174.00,296,16,15,85,278,15,15,16,15,15,15,580,16,11
16:45:20,187.00,303,15,16,92,279,16,15,15,16,16,16,584,15,11
16:45:22,194.00,303,16,17,77,263,16,17,16,16,16,16,586,16,11
16:45:24,203.00,307,17,15,72,273,16,16,15,16,16,16,587,15,11
16:45:27,171.00,305,17,14,96,264,16,16,13,16,16,15,590,16,11
16:45:29,176.00,310,16,16,92,273,16,15,16,15,16,15,594,16,11
16:45:31,179.00,311,15,16,103,271,15,15,16,16,16,15,593,15,11
16:45:33,177.00,314,16,16,94,264,16,16,16,15,17,16,593,16,11
16:45:42,389.00,311,15,208,16,16,16,16,16,85,15,16,522,15,111
16:45:44,389.00,311,16,216,16,15,16,16,16,85,16,15,523,16,111
16:45:46,390.00,310,16,201,15,15,16,15,15,85,16,16,522,16,111
16:45:48,390.00,313,17,209,16,16,16,17,17,86,16,16,517,16,111
16:45:50,407.00,342,17,239,15,16,16,16,15,84,16,16,567,16,111
16:45:52,401.00,361,16,232,17,16,15,16,15,81,15,17,571,15,111
16:45:54,390.00,310,16,255,15,16,15,16,17,110,15,16,532,16,111
16:45:57,393.00,310,15,214,16,16,15,16,16,85,15,15,529,15,111
16:45:59,392.00,309,15,226,16,16,16,16,16,86,15,16,529,16,111
16:46:01,391.00,309,16,211,15,16,15,16,15,87,16,15,527,16,111
16:46:03,391.00,311,16,200,15,15,16,16,16,87,15,16,528,16,111
16:46:05,391.00,310,15,219,16,16,15,16,15,91,15,16,528,16,111
16:46:07,392.00,310,16,208,16,15,15,15,16,83,15,23,529,15,111
16:46:09,391.00,306,16,203,16,15,16,16,16,86,16,26,526,16,111
16:46:11,391.00,305,16,225,16,15,15,16,17,91,16,15,528,16,111
16:46:14,392.00,280,16,215,16,16,16,15,16,86,16,15,529,15,111
16:46:16,391.00,310,16,216,15,16,15,16,17,88,16,16,528,16,111
16:46:18,392.00,306,16,200,16,15,16,15,15,84,16,22,528,15,111
16:46:41,290.00,16,15,15,119,16,16,117,15,16,16,16,16,16,1111
16:46:44,295.00,15,16,16,102,15,15,144,14,16,16,15,39,15,1111
16:46:46,294.00,16,15,16,128,16,16,107,15,16,16,16,32,17,1111
16:46:48,298.00,16,15,16,118,16,16,119,16,15,16,15,41,16,1111
16:46:50,298.00,16,16,16,115,16,16,120,16,16,16,14,42,16,1111
16:46:52,297.00,16,15,16,122,15,17,117,15,15,16,15,53,15,1111
16:46:54,291.00,15,16,16,116,17,16,111,16,15,16,15,73,15,1111
16:46:56,292.00,15,16,15,114,16,47,137,16,16,16,15,69,16,1111
16:46:59,291.00,16,15,15,113,17,22,148,16,15,17,16,77,15,1111
16:47:01,290.00,16,18,17,115,16,26,130,17,16,16,17,94,16,1111
16:47:03,290.00,17,16,15,115,16,36,122,16,15,16,16,97,16,1111
16:47:05,292.00,16,16,16,114,16,42,122,16,16,16,16,99,16,1111
16:47:07,295.00,16,15,16,116,16,38,137,16,16,15,16,96,15,1111
16:47:09,294.00,16,16,16,114,17,45,136,17,16,16,15,101,16,1111
16:47:11,293.00,16,16,16,127,44,16,96,16,16,16,16,103,15,1111
16:47:14,292.00,15,16,15,111,28,45,101,16,15,16,15,111,16,1111
16:47:16,292.00,16,16,16,112,16,48,162,16,17,16,15,78,17,1111
16:47:18,286.00,16,16,15,16,16,16,15,16,16,15,16,499,16,1111
16:50:01,290.00,356,16,16,16,16,16,59,16,16,16,16,523,16,1
16:50:03,278.00,343,16,15,16,16,16,54,16,16,16,16,532,15,1
16:50:05,279.00,347,16,15,15,15,16,75,16,15,16,16,534,15,1
16:50:07,276.00,345,16,15,15,15,15,53,15,18,17,15,536,16,1
16:50:09,272.00,349,16,16,15,16,15,73,16,15,24,15,537,15,1
16:50:11,271.00,349,16,15,15,15,16,72,16,15,25,16,539,16,1
16:50:13,269.00,348,15,15,15,16,16,73,16,16,27,15,540,16,1
16:50:16,269.00,350,15,15,16,15,16,67,16,16,32,15,538,16,1
16:50:18,268.00,351,15,16,15,16,15,76,16,15,33,16,538,16,1
16:50:20,267.00,354,16,15,15,16,16,64,16,16,34,15,539,16,1
16:50:22,268.00,354,16,16,16,16,16,67,16,19,35,15,538,15,1
16:50:24,267.00,355,16,16,15,15,15,58,16,18,36,15,537,15,1
16:50:26,268.00,353,16,16,17,16,16,83,16,16,34,16,538,15,1
16:50:28,268.00,355,16,15,15,16,16,85,16,16,41,16,536,15,1
16:50:31,269.00,354,16,16,16,15,16,76,16,15,43,16,539,15,1
16:50:48,15.00,280,16,15,42,177,154,15,15,15,16,16,336,16,11
16:50:50,15.00,16,14,15,15,14,15,16,15,14,14,15,15,15,11
16:50:52,17.00,379,15,15,16,208,108,16,16,17,15,16,440,16,11
16:50:54,16.00,368,16,15,16,245,103,16,16,15,16,15,454,42,11
16:50:56,16.00,371,16,15,16,222,109,15,15,16,16,16,452,34,11
16:50:58,15.00,375,15,14,15,245,122,15,16,15,16,15,455,35,11
16:51:01,15.00,380,16,15,15,256,93,16,16,15,15,16,456,39,11
16:51:03,15.00,381,15,15,17,252,128,15,15,15,16,15,457,37,11
16:51:05,16.00,384,15,15,16,218,112,12,15,16,16,16,455,34,11
16:51:07,16.00,386,16,15,16,223,132,16,16,15,15,15,455,34,11
16:51:09,16.00,386,15,16,16,232,129,16,16,16,16,15,455,36,11
16:51:11,16.00,384,15,16,16,238,126,15,15,16,15,15,457,38,11
16:51:26,15.00,232,15,15,69,15,14,133,15,16,15,15,675,334,11
16:51:28,16.00,228,15,16,75,16,16,101,15,16,15,15,673,333,11
16:51:30,15.00,225,15,15,82,16,16,72,15,16,16,16,674,344,11
16:51:33,16.00,224,15,15,83,15,16,77,16,15,16,15,674,345,11
16:51:35,17.00,227,15,15,89,16,16,73,16,15,16,16,674,347,11
16:51:37,15.00,228,15,15,92,16,15,79,15,15,14,15,675,350,11
16:51:39,15.00,229,16,17,98,17,15,81,15,16,15,16,674,351,11
16:51:41,16.00,230,16,16,98,16,17,82,16,15,15,15,675,350,11
16:51:43,16.00,228,15,16,101,15,15,83,16,16,15,17,674,351,11
16:51:45,15.00,230,17,16,98,15,16,74,15,15,15,15,676,353,11
16:51:48,15.00,229,17,16,113,16,17,71,16,15,16,16,676,354,11
16:52:11,17.00,15,15,41,15,15,15,15,15,79,15,15,636,123,111
16:52:13,16.00,15,15,65,15,15,15,15,15,83,34,15,641,120,111
16:52:15,15.00,15,16,72,15,15,15,15,15,80,48,15,642,120,111
16:52:18,16.00,15,15,72,16,15,15,14,15,82,59,15,643,122,111
16:52:20,16.00,15,15,56,16,16,16,16,15,76,15,16,623,167,111
16:52:22,16.00,15,16,84,15,15,15,14,15,78,16,16,627,178,111
16:52:24,16.00,15,16,70,16,15,15,16,16,85,47,15,642,107,111
16:52:26,16.00,16,15,70,16,16,16,15,14,86,59,17,646,112,111
16:52:28,16.00,16,16,83,16,16,16,16,15,79,69,15,644,115,111
16:52:30,17.00,16,16,79,15,16,16,17,16,81,74,16,646,118,111
16:52:33,16.00,16,16,86,15,16,16,16,15,78,80,16,646,120,111
16:52:35,15.00,16,16,81,16,16,16,15,14,83,52,15,649,118,111
16:52:37,16.00,16,15,65,15,15,15,16,14,84,61,15,651,116,111
16:52:39,16.00,15,14,68,16,15,17,16,16,79,15,15,637,150,111
16:52:56,16.00,50,16,16,139,50,273,325,16,16,16,15,16,395,1111
16:52:58,16.00,50,16,15,151,68,303,337,35,14,16,16,15,401,1111
16:53:00,16.00,16,16,16,174,85,304,321,41,16,15,16,16,387,1111
16:53:03,17.00,26,15,15,167,81,293,356,49,15,15,15,16,409,1111
16:53:05,16.00,30,15,15,173,75,308,360,49,16,15,15,16,410,1111
16:53:07,16.00,25,15,16,174,85,305,362,44,16,16,16,16,411,1111
16:53:09,16.00,33,17,16,172,82,321,368,55,16,17,15,15,411,1111
16:53:11,16.00,28,15,15,168,94,304,366,57,15,16,16,15,415,1111
16:53:13,16.00,28,15,15,180,92,314,366,63,16,16,15,16,417,1111
16:53:15,16.00,32,16,16,181,94,318,364,60,15,16,16,15,419,1111
16:53:18,16.00,31,15,15,178,95,322,368,65,16,16,15,15,420,1111
16:53:20,16.00,36,15,16,179,89,324,369,66,16,15,16,15,422,1111
16:53:22,16.00,40,16,16,171,80,325,373,63,16,15,15,16,424,1111
16:53:24,17.00,29,15,15,166,89,309,367,62,16,16,15,16,430,1111
16:53:26,16.00,26,15,16,154,54,295,379,61,16,16,16,16,438,1111
16:53:28,15.00,48,15,15,141,86,274,367,61,16,16,15,50,436,11
16:54:05,16.00,361,15,16,15,16,69,89,27,57,15,15,644,222,1
16:54:07,17.00,321,15,14,15,14,90,110,15,36,15,16,666,243,1
16:54:09,15.00,311,15,16,15,16,90,156,15,24,15,15,638,235,1
16:54:11,15.00,317,15,15,37,15,93,165,15,30,15,16,644,253,1
16:54:13,15.00,353,15,15,15,15,148,164,14,33,16,16,648,249,1
16:54:15,16.00,342,16,16,46,15,95,164,16,33,16,16,638,254,1
16:54:17,16.00,326,15,15,50,14,184,129,16,36,16,15,645,233,1
16:54:47,15.00,47,16,15,70,15,16,82,106,14,16,15,594,303,11
16:54:50,16.00,50,16,16,104,15,16,71,128,15,16,16,591,298,11
16:54:52,16.00,50,15,16,95,15,15,72,86,17,16,14,591,297,11
16:54:54,16.00,56,16,15,119,15,16,63,103,16,15,15,592,302,11
16:54:56,16.00,57,16,15,166,16,16,55,107,15,15,16,590,301,11
16:54:58,15.00,59,16,15,156,15,15,51,90,14,15,15,591,302,11
16:55:00,16.00,59,16,15,162,15,16,72,126,16,16,15,592,304,11
16:55:02,16.00,62,15,15,107,16,15,80,128,16,15,15,592,298,11
16:55:05,16.00,63,16,15,203,15,15,35,83,16,16,16,590,301,11
16:55:07,16.00,67,15,15,172,16,16,51,91,16,16,15,593,302,11
16:55:17,17.00,512,17,16,392,73,273,16,16,16,17,16,323,344,11
16:55:20,16.00,509,16,15,306,28,317,16,16,17,16,16,320,342,11
16:55:22,17.00,513,16,16,417,22,315,16,15,16,16,16,323,343,11
16:55:24,16.00,516,16,15,421,38,310,16,16,17,16,16,320,344,11
16:55:26,16.00,518,16,15,418,38,308,16,16,17,16,16,318,342,11
16:55:28,16.00,521,16,16,424,54,290,16,16,16,15,15,313,341,11
16:55:30,17.00,520,16,16,395,82,281,16,16,16,16,16,318,343,11
16:55:32,15.00,519,16,16,402,90,294,16,16,16,15,15,320,343,11
16:55:35,16.00,522,16,16,387,90,287,15,16,16,15,16,318,342,11
16:55:52,16.00,15,15,121,16,16,16,15,15,273,49,15,643,230,111
16:55:54,17.00,16,15,121,16,16,16,15,15,266,42,15,649,233,111
16:55:56,16.00,16,14,116,16,16,16,14,16,238,27,16,660,242,111
16:55:58,16.00,15,16,132,15,16,15,16,14,233,29,15,661,244,111
16:56:00,16.00,16,15,126,16,17,16,16,16,219,36,16,661,248,111
16:56:02,16.00,318,15,136,16,16,17,16,15,238,29,16,662,250,111
16:56:05,16.00,308,15,126,16,16,15,15,15,211,37,16,658,244,111
16:56:15,16.00,236,15,16,126,41,284,465,150,16,17,17,527,380,1111
16:56:17,16.00,224,16,16,123,45,279,439,176,16,16,15,530,384,1111
16:56:20,16.00,239,16,16,126,40,237,424,141,16,16,17,526,387,1111
16:56:22,16.00,235,16,16,124,51,256,440,147,16,16,17,525,384,1111
16:56:24,16.00,236,17,16,129,61,252,467,175,15,16,16,530,386,1111
16:56:26,16.00,239,15,16,130,45,263,435,169,17,16,15,529,390,1111
16:56:28,16.00,235,18,16,119,48,251,453,207,16,16,16,531,390,1111
16:56:30,17.00,234,15,15,127,50,215,470,203,16,16,16,534,390,1111
16:56:32,17.00,235,16,15,124,60,250,462,202,16,16,15,534,393,1111
16:56:35,16.00,239,16,16,119,59,265,469,199,15,16,16,534,393,1111
16:56:37,16.00,240,16,16,117,49,264,464,188,15,16,15,533,395,1111
16:56:39,17.00,240,15,16,114,60,273,470,201,16,16,16,534,397,1111
16:56:41,16.00,242,16,16,115,47,277,470,162,16,16,16,536,397,1111
16:56:43,16.00,243,15,15,116,61,275,477,214,16,16,16,536,397,1111
16:56:45,16.00,246,16,15,118,53,263,481,218,14,15,15,536,397,1
16:57:19,16.00,157,15,15,68,16,15,182,38,16,16,58,413,199,1
16:57:22,16.00,159,15,15,67,15,16,193,36,16,16,61,413,199,1
16:57:24,16.00,160,16,16,65,15,16,188,29,22,16,68,413,200,1
16:57:26,16.00,163,16,15,66,15,15,165,38,32,15,69,411,203,1
16:57:28,16.00,164,16,16,71,15,15,130,31,40,16,80,415,205,1
16:57:30,17.00,163,15,15,66,14,16,141,32,40,15,84,416,208,1
16:57:32,16.00,166,15,15,64,16,16,164,39,38,15,78,422,208,1
16:57:34,16.00,172,16,16,35,14,15,58,36,40,15,87,436,208,1
16:57:37,15.00,178,16,15,43,16,15,204,19,36,16,69,440,198,1
16:57:39,16.00,178,16,16,48,20,16,221,25,36,16,69,445,204,1
16:57:41,15.00,193,16,15,46,17,16,183,29,52,16,129,460,171,1
16:57:43,16.00,194,15,15,46,15,14,191,33,53,16,129,465,186,1
16:57:45,15.00,204,15,16,39,30,15,146,39,51,16,132,466,186,1
16:58:26,17.00,255,16,183,16,279,16,16,16,16,15,16,465,273,11
16:58:28,16.00,266,16,39,51,259,15,14,15,16,15,15,435,278,11
16:58:30,16.00,266,15,51,52,267,16,16,16,16,17,16,466,276,11
16:58:32,16.00,267,16,215,19,278,16,16,16,17,16,16,481,277,11
16:58:34,15.00,272,16,230,17,293,15,16,16,16,15,16,485,280,11
16:58:37,16.00,286,14,56,57,298,15,17,16,16,16,15,483,279,11
16:58:39,17.00,278,16,222,62,278,16,16,16,15,15,16,502,284,11
16:58:41,16.00,285,15,203,21,278,15,16,15,16,14,15,522,286,11
16:58:43,15.00,271,16,267,15,350,16,16,16,15,16,16,517,285,11
16:58:45,15.00,273,16,260,16,337,16,16,15,16,16,15,527,286,11
16:58:47,15.00,276,16,275,47,318,15,16,15,16,15,16,530,286,11
16:58:49,15.00,274,15,279,46,337,16,16,15,15,16,15,535,285,11
16:58:52,16.00,274,16,295,35,343,15,15,16,15,15,14,527,288,11
16:58:54,16.00,275,15,295,55,340,17,16,16,16,15,15,535,289,11
16:58:56,16.00,275,16,275,73,337,15,15,16,16,16,16,536,287,11
16:59:09,16.00,543,17,17,24,16,17,16,44,52,15,547,773,282,11
16:59:11,18.00,599,17,16,24,16,18,17,46,62,17,570,780,290,11
16:59:13,16.00,580,16,16,27,16,16,16,61,84,16,583,786,294,11
16:59:15,17.00,16,17,17,19,17,16,17,54,95,17,542,796,358,11
16:59:17,17.00,610,16,16,15,16,16,16,46,145,16,581,793,285,11
16:59:19,16.00,612,17,16,16,17,16,17,58,140,16,590,789,290,11
16:59:21,16.00,612,16,16,16,16,16,16,54,140,16,596,789,293,11
16:59:24,16.00,614,16,15,15,16,16,16,58,139,17,591,788,294,11
16:59:26,16.00,15,16,16,16,16,16,17,40,64,15,595,787,300,11
16:59:28,15.00,614,16,15,17,15,16,16,56,111,15,608,786,295,11
16:59:30,16.00,618,16,17,16,17,16,16,58,145,16,610,787,296,11
16:59:32,17.00,617,17,17,17,16,16,17,51,140,17,616,787,300,11
16:59:34,16.00,618,15,16,17,16,16,15,57,130,16,617,782,298,11
16:59:36,16.00,617,15,16,18,15,16,16,50,146,16,620,782,299,11
16:59:39,16.00,620,17,16,19,15,16,16,54,132,16,618,782,300,11
16:59:41,17.00,620,17,16,15,16,16,16,61,132,16,617,783,302,11
16:59:43,18.00,621,18,17,16,18,18,18,37,154,17,625,784,303,11
16:59:56,16.00,16,15,16,15,15,16,15,15,15,16,84,528,325,111
16:59:58,16.00,15,16,15,15,15,15,15,15,15,15,88,530,325,111
17:00:00,16.00,16,15,15,15,15,16,15,16,15,15,52,541,352,111
17:00:02,16.00,15,16,16,16,15,15,15,15,15,15,43,540,338,111
17:00:04,16.00,16,17,15,15,15,15,15,16,15,15,52,536,335,111
17:00:06,16.00,15,15,15,14,15,14,15,16,15,15,50,536,335,111
17:00:09,15.00,17,15,15,15,16,16,15,15,15,15,55,536,335,111
17:00:11,16.00,15,15,16,15,15,15,15,16,15,15,39,532,334,111
17:00:13,15.00,14,15,15,15,15,15,15,15,14,15,54,535,338,111
17:00:15,15.00,16,16,15,15,16,15,15,15,16,15,53,535,339,111
17:00:17,16.00,16,15,16,15,16,16,14,16,16,16,56,536,336,111
17:00:19,15.00,15,16,16,16,14,14,15,16,15,15,55,535,335,111
17:00:21,16.00,15,15,16,15,16,15,16,15,15,15,59,515,332,111
17:00:24,15.00,15,15,15,15,16,16,15,14,17,15,62,532,334,111
17:00:26,16.00,16,16,15,15,16,15,16,16,16,15,62,530,332,111
17:00:28,16.00,17,16,16,16,15,16,15,15,16,15,66,532,332,111
17:00:30,16.00,15,15,16,16,15,15,16,15,15,15,65,530,334,111
17:00:32,16.00,16,16,15,16,16,15,16,15,15,16,15,568,343,111
17:00:34,16.00,15,15,15,15,14,15,16,15,16,16,15,15,16,111
17:00:47,16.00,281,15,16,14,23,15,16,17,133,16,15,184,636,1111
17:00:49,16.00,16,15,16,15,51,16,46,133,240,16,33,16,562,1111
17:00:51,16.00,15,15,16,16,16,16,32,156,239,15,74,15,569,1111
17:00:54,14.00,16,16,17,15,15,16,37,142,257,15,99,16,573,1111
17:00:56,16.00,16,15,16,16,16,16,32,155,257,16,89,14,575,1111
17:00:58,16.00,16,16,16,15,16,16,37,155,262,15,95,15,577,1111
17:01:00,16.00,16,14,15,16,15,15,38,160,267,16,113,15,579,1111
17:01:02,16.00,15,15,15,15,15,16,35,156,266,16,126,15,578,1111
17:01:04,16.00,15,15,15,16,16,15,36,157,271,16,123,15,580,1111
17:01:06,15.00,15,15,16,16,17,16,35,163,264,15,114,15,582,1111
17:01:09,15.00,14,15,15,16,15,15,37,160,266,16,134,15,582,1111
17:01:11,16.00,16,15,14,16,18,16,41,160,266,15,132,16,582,1111
17:01:13,15.00,15,16,16,16,18,15,42,161,263,15,120,15,583,1111
17:01:15,16.00,16,16,15,16,18,16,41,167,265,16,133,16,585,1111
17:01:56,15.00,15,15,15,15,16,15,15,15,15,15,73,442,327,1
17:01:58,16.00,15,15,15,15,15,15,15,16,15,15,83,445,328,1
17:02:00,15.00,15,16,15,15,15,15,14,15,19,15,87,445,328,1
17:02:02,15.00,15,15,14,16,15,15,16,14,15,15,96,448,330,1
17:02:04,15.00,14,15,16,15,15,15,16,15,13,15,110,441,332,1
17:02:06,16.00,15,15,15,15,14,15,15,15,17,15,93,443,332,1
17:02:08,15.00,16,15,15,16,15,16,15,15,15,14,90,441,333,1
17:02:11,15.00,15,15,16,14,15,15,15,15,15,15,92,441,333,1
17:02:13,15.00,16,15,15,15,14,15,15,15,15,15,96,441,331,1
17:02:15,16.00,16,15,15,15,15,15,15,16,14,15,99,441,332,1
17:02:17,15.00,14,15,14,15,15,15,15,15,14,15,105,441,334,1
17:02:19,15.00,15,15,15,15,15,15,15,15,15,15,105,440,331,1
17:02:21,15.00,15,15,15,15,15,15,15,15,15,16,105,440,333,1
17:02:23,16.00,15,14,15,15,14,14,15,15,14,15,101,440,333,1
17:02:26,16.00,14,16,16,15,15,15,15,15,15,15,107,442,333,1
17:02:28,16.00,16,15,15,16,15,16,15,15,15,15,96,440,334,1
17:02:49,16.00,124,16,15,16,15,16,15,76,221,15,265,15,456,11
17:02:51,16.00,124,15,16,16,14,15,15,65,236,16,279,15,454,11
17:02:53,16.00,126,16,16,15,16,16,15,69,245,15,306,15,456,11
17:02:56,16.00,120,16,16,16,16,16,16,68,244,12,306,15,454,11
17:02:58,15.00,123,15,15,15,15,16,14,67,242,15,304,16,448,11
17:03:00,16.00,126,15,15,15,15,15,15,73,246,15,318,15,444,11
17:03:02,16.00,126,16,15,14,15,16,16,75,252,15,332,15,448,11
17:03:04,16.00,125,16,16,16,16,15,15,72,230,16,315,15,447,11
17:03:06,15.00,128,16,15,15,14,16,15,64,229,15,304,16,448,11
17:03:08,16.00,131,15,15,16,16,16,16,80,230,16,335,15,446,11
17:03:11,17.00,128,15,15,16,15,15,15,73,245,16,324,15,446,11
17:03:13,16.00,129,15,15,15,16,16,16,62,230,15,330,15,447,11
17:03:15,15.00,138,15,16,15,15,15,16,76,244,15,312,16,448,11
17:03:17,16.00,136,16,15,16,15,16,15,55,243,15,306,16,451,11
17:03:32,16.00,15,15,384,15,16,15,15,15,16,16,187,15,188,11
17:03:34,16.00,15,16,328,15,16,15,15,33,16,15,126,15,218,11
17:03:36,16.00,15,15,324,15,13,15,16,49,16,15,152,15,237,11
17:03:38,16.00,15,15,309,16,15,15,15,55,15,16,114,16,243,11
17:03:41,16.00,15,16,304,15,15,16,15,47,15,15,181,15,252,11
17:03:43,15.00,15,15,355,15,16,15,15,33,16,16,196,16,240,11
17:03:45,15.00,15,15,349,16,15,15,15,33,16,15,200,15,244,11
17:03:47,16.00,15,16,355,15,16,15,15,34,16,15,196,15,247,11
17:03:49,16.00,16,15,352,15,15,15,16,41,15,15,189,14,252,11
17:03:51,16.00,15,15,351,14,15,15,15,34,15,16,186,14,256,11
17:03:53,16.00,15,16,349,16,15,16,16,37,16,16,176,15,255,11
17:03:56,16.00,15,15,351,15,15,15,15,33,15,16,174,16,252,11
17:03:58,16.00,15,16,352,15,15,15,15,38,15,15,147,15,245,11
17:04:08,16.00,16,16,16,16,15,15,15,15,15,15,16,554,245,111
17:04:11,16.00,15,16,16,16,15,15,16,15,15,15,15,560,241,111
17:04:13,16.00,16,16,16,15,16,16,16,15,16,15,16,555,242,111
17:04:15,17.00,15,16,16,16,15,16,16,16,16,16,17,554,239,111
17:04:17,15.00,16,15,16,15,16,16,15,15,15,15,16,566,242,111
17:04:19,16.00,16,16,16,15,16,15,15,16,15,16,16,565,243,111
17:04:21,16.00,15,15,15,16,16,15,14,16,15,15,16,515,275,111
17:04:23,15.00,16,15,14,15,15,16,15,15,16,15,16,476,338,111
17:04:26,16.00,15,15,16,15,15,15,15,16,16,15,15,488,345,111
17:04:28,15.00,15,14,15,15,16,16,16,16,15,15,15,455,329,111
17:04:30,15.00,15,16,16,16,15,15,15,16,16,15,16,449,332,111
17:04:32,15.00,16,16,16,15,15,16,15,16,15,15,15,418,332,111
17:04:34,15.00,15,15,15,15,15,16,15,15,15,15,15,467,306,111
17:04:36,16.00,15,15,15,15,15,15,16,15,16,15,15,463,283,111
17:04:38,15.00,15,15,15,15,16,15,15,15,15,15,15,469,287,111
17:04:41,15.00,15,15,14,15,15,16,15,15,15,15,15,469,287,111
17:04:43,15.00,15,15,15,16,16,15,15,15,16,15,15,465,288,111
17:04:45,16.00,16,16,15,14,15,16,17,15,14,15,15,464,290,111
17:04:47,16.00,15,16,16,15,15,15,15,15,16,15,15,464,289,111
17:04:49,16.00,16,15,15,15,16,15,16,15,15,16,15,460,288,111
17:04:51,15.00,15,15,15,15,16,16,16,15,14,15,14,465,290,111
17:04:53,15.00,15,15,16,15,15,15,14,16,16,14,15,462,289,111
17:04:55,16.00,16,15,14,14,15,15,16,15,14,15,16,460,290,111
17:04:58,16.00,15,14,15,15,15,15,15,15,16,15,15,459,291,111
17:05:00,16.00,15,16,16,15,15,15,16,16,16,15,15,456,292,111
17:05:02,16.00,15,15,15,15,16,15,15,15,15,15,15,460,294,111
17:05:04,16.00,15,15,15,15,15,15,14,15,15,15,16,456,294,111
17:05:06,15.00,15,15,16,15,15,15,16,15,15,16,15,457,291,111
17:05:23,16.00,215,16,16,68,242,292,69,107,112,16,16,403,323,1111
17:05:25,16.00,233,15,16,60,242,222,72,112,109,16,20,414,330,1111
17:05:28,17.00,239,15,15,59,232,201,82,132,123,16,28,423,335,1111
17:05:30,15.00,240,16,16,44,226,175,81,119,129,15,47,410,335,1111
17:05:32,16.00,242,16,15,50,266,81,69,120,103,16,15,408,330,1111
17:05:34,16.00,232,17,15,67,212,19,75,126,123,15,29,405,333,1111
17:05:36,16.00,232,15,15,62,223,62,64,101,119,16,44,412,334,1111
17:05:38,16.00,248,16,16,38,224,16,16,121,143,16,70,421,326,1111
17:05:40,16.00,245,15,16,16,195,39,15,93,158,15,135,414,310,1111
17:05:43,17.00,262,16,16,57,173,15,16,125,106,16,16,428,348,1111
17:05:45,16.00,243,16,16,40,275,90,52,143,177,16,42,442,329,1111
17:05:47,16.00,247,15,16,43,254,42,56,142,158,15,77,438,328,1111
17:05:49,16.00,251,15,15,19,257,51,51,121,162,16,144,435,330,1111
17:05:51,16.00,250,16,15,41,213,45,16,122,133,15,39,415,344,1111
17:05:53,16.00,245,15,16,16,182,44,16,103,120,15,30,384,359,1111
17:05:55,16.00,247,16,15,34,165,38,16,135,158,16,99,404,331,1111
17:05:58,16.00,258,15,15,35,163,16,15,132,133,16,50,406,324,1111
17:06:00,17.00,253,16,16,44,199,37,15,123,113,15,20,409,326,1111
17:06:02,15.00,253,16,16,46,224,55,19,104,120,15,62,407,328,1111
17:06:04,15.00,251,15,15,55,240,65,68,134,110,15,31,410,331,1111
17:06:06,16.00,252,16,15,37,240,64,75,137,116,19,21,409,335,1111
17:06:08,16.00,260,16,14,40,247,93,78,142,120,16,46,412,332,1111
17:06:10,16.00,255,16,16,45,267,109,107,110,126,16,44,413,332,1111
17:06:13,16.00,255,16,15,49,263,82,103,141,135,16,61,412,336,1111
17:06:45,15.00,15,15,15,16,16,15,164,15,114,265,144,716,150,1
17:06:47,16.00,15,15,15,15,15,15,118,15,100,269,189,723,152,1
17:06:49,16.00,15,16,15,16,15,15,15,16,73,280,51,728,158,1
17:06:51,15.00,16,15,15,15,15,16,15,15,73,289,76,732,149,1
17:06:53,15.00,15,15,16,15,15,14,181,19,18,15,27,462,179,1
17:06:55,15.00,15,15,16,15,15,15,225,40,48,15,57,461,189,1
17:06:58,16.00,15,15,15,15,15,15,191,64,72,15,99,453,186,1
17:07:00,15.00,15,15,14,15,15,15,97,35,31,16,89,470,193,1
17:07:02,15.00,15,16,15,15,17,15,181,16,16,16,130,478,244,1
17:07:04,15.00,15,14,15,15,16,15,205,23,41,15,40,497,181,1
17:07:06,15.00,14,14,15,15,15,16,199,55,36,15,81,493,177,1
17:07:08,15.00,15,15,16,15,15,15,124,47,68,15,97,496,179,1
17:07:10,16.00,15,16,16,15,15,15,148,59,75,16,130,497,181,1
17:07:12,17.00,15,18,16,17,17,16,76,44,81,17,160,494,180,1
17:07:15,17.00,16,16,17,16,16,17,25,30,85,17,180,495,179,1
17:07:17,16.00,15,16,16,16,15,15,15,16,84,16,177,504,181,1
17:07:19,17.00,16,15,15,15,15,15,39,15,84,15,155,500,182,1
17:07:21,16.00,16,15,16,15,16,15,73,27,73,15,139,499,184,1
17:07:23,16.00,16,15,15,16,15,16,49,21,85,15,176,496,182,1
17:07:42,16.00,16,16,16,16,16,16,16,48,310,16,16,596,279,11
17:07:45,15.00,16,16,15,15,15,15,16,51,304,16,15,596,282,11
17:07:47,16.00,15,16,15,15,15,16,16,50,312,16,15,600,281,11
17:07:49,16.00,15,16,15,16,16,15,16,65,311,15,15,599,270,11
17:07:51,16.00,16,16,16,29,16,16,16,64,330,16,16,594,270,11
17:07:53,16.00,16,16,15,20,16,16,16,52,327,16,16,596,261,11
17:07:55,16.00,16,16,17,19,15,16,16,39,238,16,17,597,270,11
17:07:57,16.00,15,16,16,49,14,15,16,35,223,15,15,557,260,11
17:08:00,16.00,15,16,16,23,16,16,15,32,212,15,16,547,284,11
17:08:02,17.00,15,16,16,21,15,16,16,36,236,15,15,568,276,11
17:08:04,16.00,17,15,15,21,16,17,15,37,247,16,15,565,269,11
17:08:06,16.00,15,15,16,23,16,16,16,39,268,16,16,571,274,11
17:08:36,15.00,14,16,287,63,55,14,14,15,15,14,16,346,16,11
17:08:38,16.00,16,17,271,63,89,16,16,16,16,15,17,351,16,11
17:08:40,17.00,16,16,269,68,124,16,16,16,16,16,16,342,17,11
17:08:42,17.00,17,16,185,107,93,17,16,15,17,16,17,354,17,11
17:08:45,17.00,16,15,242,71,39,16,16,16,17,16,17,343,16,11
17:08:47,17.00,17,16,271,71,82,16,17,16,17,17,16,356,17,11
17:08:49,17.00,16,16,253,95,72,17,16,16,15,16,16,380,16,11
17:08:51,15.00,16,16,320,125,20,16,15,16,16,15,16,359,16,11
17:08:53,16.00,15,16,338,29,16,15,15,15,16,16,16,389,16,11
17:08:55,16.00,15,16,355,95,15,15,15,16,15,15,15,387,16,11
17:08:57,16.00,16,15,318,82,16,16,15,16,15,16,15,386,15,1
17:09:08,17.00,17,16,15,16,16,16,16,16,72,134,292,520,61,111
17:09:10,17.00,15,16,16,16,16,16,15,16,81,140,295,519,61,111
17:09:12,16.00,16,16,16,16,16,16,16,17,79,136,302,511,63,111
17:09:15,16.00,17,16,16,15,17,15,16,16,77,145,311,496,60,111
17:09:17,17.00,16,16,17,16,16,15,16,16,74,151,331,494,60,111
17:09:19,17.00,15,17,16,17,17,16,17,17,72,158,339,490,63,111
17:09:21,16.00,16,17,16,16,16,15,15,17,74,169,347,512,63,111
17:09:23,17.00,17,18,17,17,17,17,17,18,76,171,356,520,66,111
17:09:25,17.00,16,16,15,15,16,16,16,17,88,147,324,511,61,111
17:09:27,17.00,17,16,17,17,17,17,17,18,72,161,366,524,50,111
17:09:30,18.00,17,18,18,17,17,18,18,16,77,171,362,520,61,111
17:09:32,17.00,16,16,16,16,16,576,16,17,71,171,373,534,56,111
17:09:34,17.00,16,17,17,17,17,17,16,16,83,169,369,526,62,111
17:09:36,16.00,17,17,16,17,16,16,16,16,78,171,374,530,61,111
17:09:38,18.00,18,17,17,17,17,16,17,16,76,167,381,534,57,111
17:09:40,16.00,16,16,15,16,16,15,17,16,79,165,384,530,64,111
17:09:42,18.00,16,17,17,18,17,17,16,16,77,167,380,533,59,111
17:09:45,18.00,16,17,16,16,17,17,17,17,77,162,348,531,64,111
17:09:47,17.00,16,17,15,16,17,16,17,17,81,160,265,574,78,111
17:09:49,17.00,16,16,17,16,16,16,17,16,74,168,253,573,75,111
17:09:51,17.00,17,16,17,16,17,17,17,18,81,187,375,551,57,111
17:10:06,17.00,193,17,17,16,191,17,231,123,74,18,16,425,298,1111
17:10:08,17.00,292,17,16,15,251,61,203,56,34,16,16,354,316,1111
17:10:10,17.00,295,16,16,17,268,50,206,104,42,17,16,353,315,1111
17:10:12,16.00,294,16,16,17,202,39,218,103,42,16,16,361,319,1111
17:10:14,16.00,296,16,16,15,177,16,228,117,43,17,16,364,318,1111
17:10:17,16.00,292,15,16,16,237,39,206,96,51,16,16,365,320,1111
17:10:19,17.00,293,16,16,17,252,43,202,121,50,17,16,364,301,1111
17:10:21,17.00,299,16,15,16,279,60,210,118,51,16,16,357,304,1111
17:10:23,18.00,301,17,17,17,273,59,215,123,49,16,16,363,305,1111
17:10:25,16.00,178,16,15,16,180,48,242,158,28,17,18,332,295,1111
17:10:27,17.00,308,14,17,17,294,107,226,157,44,17,17,352,293,1111
17:10:29,17.00,310,18,18,18,266,41,216,150,31,17,18,357,297,1111
17:10:32,17.00,304,17,18,17,271,45,214,151,39,17,17,359,303,1111
17:10:34,17.00,306,17,17,17,283,60,226,154,40,17,17,369,304,1111
17:10:36,18.00,310,18,17,17,283,75,217,137,41,17,17,368,308,1111
17:11:25,310.00,16,84,300,18,18,18,17,17,158,229,181,575,1015,1
17:11:27,317.00,16,87,343,17,16,17,16,17,175,176,136,552,1013,1
17:11:29,378.00,16,72,280,17,16,16,16,16,157,197,138,575,1012,1
17:12:02,222.00,16,22,211,15,27,16,16,16,137,147,18,498,201,1
17:12:04,227.00,15,34,223,15,16,15,15,16,130,146,18,500,195,1
17:12:06,231.00,19,39,230,18,32,19,18,18,139,150,21,501,196,1
17:12:08,231.00,15,31,200,16,16,15,16,16,130,161,18,506,213,1
17:12:10,238.00,16,35,224,15,15,15,15,15,139,156,18,509,219,1
17:12:12,236.00,16,38,219,16,15,15,15,15,129,153,17,511,213,1
17:12:14,232.00,16,33,234,16,16,15,15,16,131,152,18,513,212,1
17:12:17,229.00,16,33,234,16,16,16,16,15,131,163,19,512,199,1
17:12:19,230.00,16,33,233,15,16,16,15,15,131,165,18,511,207,1
17:12:21,230.00,15,35,233,16,16,16,15,16,132,172,17,511,206,1
17:12:23,230.00,16,35,233,16,15,17,15,15,134,174,18,512,206,1
17:12:25,233.00,15,33,213,16,15,16,15,15,126,156,19,515,206,1
17:12:27,238.00,14,34,201,15,15,15,16,16,122,168,18,511,204,1
17:12:29,238.00,15,38,202,17,16,16,16,15,130,175,18,511,204,1
17:12:32,236.00,16,36,222,15,16,16,16,15,134,170,18,514,176,1
17:12:55,341.00,16,15,16,176,16,35,15,17,17,16,16,600,16,11
17:12:57,346.00,15,15,15,126,16,31,37,16,16,16,16,591,36,11
17:12:59,340.00,17,17,18,128,17,35,41,19,17,18,17,600,55,11
17:13:01,345.00,16,17,16,108,17,20,116,25,17,17,16,605,44,11
17:13:04,349.00,16,15,15,95,16,61,61,17,16,16,15,588,35,11
17:13:06,342.00,16,16,17,151,17,45,37,18,16,18,17,590,48,11
17:13:08,345.00,15,15,15,280,16,41,51,17,17,16,15,594,60,11
17:13:10,343.00,16,16,16,98,15,30,36,18,16,17,16,596,64,11
17:13:12,344.00,18,18,18,156,18,36,17,20,17,18,17,596,65,11
17:13:14,343.00,17,17,17,247,17,27,18,19,18,19,17,595,64,11
17:13:16,345.00,16,16,16,168,17,52,22,17,16,17,16,595,69,11
17:13:19,342.00,16,16,16,223,16,46,16,18,16,17,16,597,64,11
17:13:21,343.00,16,16,16,155,16,39,16,18,16,16,16,597,69,11
17:13:23,344.00,16,16,15,222,17,40,16,17,16,16,15,597,70,11
17:13:25,342.00,18,17,17,116,18,19,17,19,17,18,17,596,91,11
17:13:27,345.00,16,16,16,179,16,26,16,17,15,16,16,597,92,11
17:13:29,341.00,16,15,17,206,16,43,16,18,16,16,16,596,94,11
17:13:31,342.00,17,17,17,229,16,45,16,18,17,16,17,597,99,11
17:13:34,338.00,15,16,16,237,16,39,16,17,16,17,18,602,96,11
17:14:29,394.00,15,15,15,15,15,15,16,16,16,15,15,582,97,111
17:14:31,338.00,15,16,15,15,16,16,16,15,15,15,16,590,104,111
17:14:34,426.00,15,15,15,15,16,15,15,15,15,16,15,503,59,111
17:14:36,402.00,15,241,217,16,17,16,15,16,224,79,47,416,66,111
17:14:38,388.00,16,158,69,17,15,16,15,16,120,15,17,437,123,111
17:14:40,440.00,15,135,68,16,16,15,16,15,82,15,15,470,27,111
17:14:46,428.00,16,186,52,17,18,17,16,16,109,17,18,426,110,111
17:14:49,428.00,17,195,71,15,15,16,16,15,110,16,18,426,114,111
17:14:51,430.00,16,175,65,16,16,16,16,16,114,15,18,452,54,111
17:14:53,425.00,16,133,16,16,16,16,16,16,105,16,17,485,95,111
17:14:55,425.00,16,157,23,15,15,15,16,16,98,15,17,445,102,111
17:14:57,439.00,16,136,15,16,16,16,15,15,98,16,16,466,86,111
17:14:59,424.00,16,181,68,17,16,16,16,17,96,16,18,502,100,111
17:15:01,401.00,15,120,16,16,16,16,16,16,54,16,16,456,111,111
17:15:21,366.00,16,16,16,299,270,17,192,106,16,17,16,18,441,1111
17:15:23,349.00,17,16,16,426,231,16,299,227,17,16,16,16,456,1111
17:15:25,350.00,17,17,16,406,288,17,302,186,16,15,17,16,431,1111
17:15:27,355.00,16,16,15,442,292,16,288,240,16,17,16,16,493,1111
17:15:29,346.00,14,16,16,398,308,17,285,208,16,16,15,15,469,1111
17:15:31,330.00,15,15,16,370,255,16,372,144,16,16,15,15,467,1111
17:15:34,340.00,17,16,17,327,358,16,311,164,17,17,16,16,451,1111
17:15:36,349.00,17,17,16,431,291,16,266,184,17,17,16,17,458,1111
17:15:38,362.00,17,17,16,460,290,16,356,131,18,16,18,18,466,1111
17:15:40,357.00,19,19,19,327,304,19,300,166,19,19,18,18,472,1111
17:15:42,352.00,17,18,17,331,295,17,324,170,18,18,17,17,462,1111
17:15:44,353.00,16,16,16,301,313,17,282,194,16,16,15,16,478,1111
17:15:46,328.00,17,16,18,479,294,17,327,214,17,17,17,18,485,1111
17:15:49,336.00,18,18,19,279,242,18,276,240,17,17,17,18,465,1111
17:15:51,335.00,17,17,17,273,318,16,254,204,17,17,17,17,473,1111
17:15:53,397.00,16,16,16,245,328,16,153,310,17,16,16,17,462,1111
17:15:55,333.00,16,15,16,231,289,17,256,394,17,16,16,17,467,1111
17:15:57,341.00,16,16,16,245,330,16,223,322,15,16,15,16,451,11
17:16:14,215.00,16,16,17,17,157,362,226,63,16,16,371,456,330,1
17:16:16,216.00,15,15,16,15,118,215,100,49,16,15,413,514,318,1
17:16:18,221.00,15,15,17,15,111,219,156,42,15,15,403,507,311,1
17:16:21,222.00,16,15,27,15,176,281,145,56,16,16,408,513,315,1
17:16:23,223.00,15,15,34,16,142,243,137,29,15,16,405,510,320,1
17:16:25,224.00,15,16,42,15,150,225,134,44,15,14,404,513,322,1
17:16:27,222.00,16,16,49,15,130,176,137,33,15,15,414,512,326,1
17:16:29,219.00,15,15,54,15,168,72,15,63,15,16,417,518,328,1
17:16:31,219.00,15,15,62,16,203,48,21,63,15,16,412,513,328,1
17:16:33,215.00,15,14,15,15,98,34,112,26,15,16,377,512,330,1
17:16:36,202.00,15,16,16,16,89,15,15,16,16,15,416,544,330,1
17:16:38,217.00,16,16,16,16,107,16,15,35,16,15,422,514,360,1
17:16:40,207.00,15,15,15,15,142,15,15,16,16,16,438,519,349,1
17:16:42,229.00,15,15,15,15,173,15,16,41,16,14,383,508,349,1
17:16:44,228.00,15,15,16,16,128,15,19,42,15,16,381,509,355,1
17:16:55,283.00,17,16,16,88,17,17,16,16,304,18,429,689,315,11
17:16:57,287.00,16,16,16,88,15,15,15,16,309,16,443,690,315,11
17:16:59,291.00,16,16,15,86,17,16,16,15,315,15,450,689,315,11
17:17:01,286.00,16,15,15,77,16,15,15,16,309,15,444,690,316,11
17:17:03,296.00,16,15,15,106,15,16,16,16,309,15,461,696,306,11
17:17:06,290.00,15,16,16,31,16,16,16,15,294,15,531,691,322,11
17:17:08,295.00,17,16,16,71,16,16,16,16,303,16,456,689,309,11
17:17:10,287.00,17,16,20,176,16,17,16,17,299,16,460,692,308,11
17:17:12,274.00,16,16,16,174,15,16,15,16,318,16,494,704,313,11
17:17:14,266.00,15,16,15,186,16,16,17,15,314,15,491,707,323,11
17:17:16,282.00,15,17,16,180,16,16,17,16,301,16,460,698,315,11
17:17:18,284.00,13,16,15,196,16,16,16,15,298,16,455,699,327,11
17:17:21,282.00,17,16,16,227,16,17,16,16,299,16,457,688,328,11
17:17:23,267.00,15,16,16,202,16,16,16,16,291,16,449,707,319,11
17:17:25,263.00,16,16,16,216,16,16,15,16,292,16,449,683,314,11
17:17:27,269.00,15,16,16,203,16,16,16,16,306,16,471,684,312,11
17:17:29,274.00,18,17,18,212,17,17,17,18,304,17,473,685,322,11
17:17:31,282.00,16,15,15,252,16,16,15,15,284,16,464,686,324,11
17:17:33,278.00,16,16,15,290,16,17,16,16,292,16,468,682,324,11
17:17:36,264.00,16,17,16,249,15,16,16,16,313,16,480,688,327,11
17:17:38,247.00,16,16,16,222,16,16,15,15,315,17,489,700,326,11
17:17:40,236.00,16,15,15,81,16,16,16,15,287,15,452,693,325,11
17:17:42,238.00,16,16,16,158,16,15,16,16,298,16,445,682,327,11
17:17:44,254.00,17,17,17,16,17,17,16,16,315,17,448,650,367,11
17:17:46,267.00,15,16,17,17,16,15,16,16,317,16,447,627,367,11
17:17:48,326.00,15,16,15,15,16,16,15,15,218,16,203,654,277,11
17:17:51,16.00,15,16,15,15,15,15,16,16,246,16,472,604,328,11
17:17:53,16.00,16,15,16,16,16,15,16,16,270,16,490,602,335,11
17:17:55,16.00,14,16,16,16,16,15,15,16,265,15,495,603,338,11
17:17:57,17.00,15,16,16,22,16,15,15,16,268,16,492,607,339,11
17:17:59,16.00,15,15,15,39,16,16,16,15,258,15,427,587,332,11
17:18:23,439.00,17,17,16,262,16,16,16,16,16,16,16,594,205,11
17:18:25,437.00,16,16,16,271,17,15,16,15,16,15,16,597,204,11
17:18:27,444.00,16,17,15,266,16,16,15,16,15,16,16,593,207,11
17:18:29,431.00,16,15,16,271,16,15,16,15,15,17,15,598,189,11
17:18:31,433.00,16,16,16,272,15,16,16,16,16,17,15,597,194,11
17:18:33,433.00,15,16,16,281,16,16,15,16,15,15,15,596,196,11
17:18:35,433.00,16,17,16,286,15,16,16,16,16,17,16,593,176,11
17:18:38,434.00,16,17,16,301,15,16,16,16,16,16,18,594,186,11
17:18:40,434.00,16,17,15,290,17,16,16,16,16,16,16,593,183,11
17:18:42,435.00,16,17,15,287,16,16,16,16,15,16,15,593,175,11
17:18:44,436.00,15,15,16,301,16,15,15,16,15,15,16,591,183,11
17:18:46,434.00,16,16,16,297,17,16,16,15,17,16,15,591,188,11
17:18:48,434.00,15,15,15,291,16,15,16,16,15,15,17,593,178,11
17:18:50,443.00,16,16,16,454,16,16,17,16,16,16,16,589,172,11
17:19:01,269.00,16,15,15,15,15,15,15,15,16,16,15,617,299,111
17:19:03,282.00,15,16,16,15,14,15,16,16,15,14,15,624,283,111
17:19:05,313.00,15,16,15,15,16,16,15,16,15,15,15,615,287,111
17:19:08,17.00,16,17,17,17,17,17,17,17,16,17,146,626,338,111
17:19:10,392.00,16,16,16,15,15,16,15,15,16,16,15,656,242,111
17:19:12,398.00,16,17,16,16,16,16,15,16,16,16,17,658,286,111
17:19:14,388.00,16,16,16,16,16,16,15,15,15,16,14,653,231,111
17:19:16,388.00,15,15,16,15,15,15,16,15,16,15,16,652,225,111
17:19:18,392.00,16,15,15,15,17,16,15,15,16,15,15,657,240,111
17:19:20,400.00,16,17,16,15,17,16,19,16,17,17,17,659,236,111
17:19:23,396.00,17,16,15,15,15,16,13,15,15,16,16,656,242,111
17:19:25,348.00,16,16,15,15,15,16,15,15,16,15,16,648,205,111
17:19:27,384.00,16,16,15,15,16,16,16,15,15,15,16,645,214,111
17:19:29,388.00,15,15,16,16,15,16,15,16,16,16,15,654,213,111
17:19:31,391.00,15,16,15,15,16,16,15,16,15,15,15,652,221,111
17:19:33,397.00,15,16,16,16,16,17,16,16,15,16,16,648,229,111
17:19:35,380.00,16,17,17,15,16,16,16,16,16,16,16,658,219,111
17:19:38,399.00,16,17,16,17,16,16,16,17,16,16,16,656,223,111
17:19:40,400.00,16,17,16,16,17,16,17,16,16,17,16,655,221,111
17:19:42,401.00,15,17,16,16,16,16,16,17,16,17,16,656,228,111
17:19:59,157.00,15,16,15,16,335,78,372,144,16,15,15,410,358,1111
17:20:01,178.00,16,15,24,15,323,81,340,88,24,16,15,399,358,1111
17:20:03,234.00,16,17,15,16,299,73,422,131,17,16,16,364,382,1111
17:20:05,132.00,17,16,33,16,362,82,283,230,25,17,16,396,349,1111
17:20:08,137.00,17,16,80,16,353,103,374,212,54,16,17,405,352,1111
17:20:10,148.00,16,16,51,16,354,107,401,227,40,16,16,403,353,1111
17:20:12,157.00,17,16,17,18,339,139,430,232,23,17,17,386,355,1111
17:20:14,171.00,17,17,17,17,349,87,408,213,17,16,17,395,377,1111
17:20:16,166.00,17,17,16,35,269,469,325,130,17,16,16,327,356,1111
17:20:18,172.00,16,17,15,33,332,468,414,154,17,16,16,335,357,1111
17:20:20,191.00,17,16,16,16,253,329,419,175,16,16,16,304,405,1111
17:20:23,190.00,16,15,16,16,272,292,414,197,16,17,16,317,406,1111
17:20:25,279.00,16,16,124,16,289,105,516,159,30,16,16,426,420,1111
17:20:27,416.00,17,17,37,18,235,447,452,214,46,16,17,450,383,1111
17:21:01,279.00,16,20,256,15,18,16,16,15,15,16,510,470,252,1
17:21:03,217.00,15,52,309,15,15,16,16,16,15,40,557,477,246,1
17:21:05,282.00,16,15,233,15,15,16,16,15,16,24,499,473,253,1
17:21:08,287.00,16,16,233,16,16,15,16,17,16,15,502,476,266,1
17:21:10,290.00,16,17,267,16,27,16,16,17,17,16,512,475,266,1
17:21:12,291.00,16,28,273,14,19,16,16,16,15,15,518,477,267,1
17:21:14,290.00,17,31,279,15,30,16,15,16,16,16,522,479,271,1
17:21:16,292.00,16,17,266,15,16,15,15,16,15,18,522,477,269,1
17:21:18,292.00,15,17,253,16,15,15,15,15,15,19,518,476,270,1
17:21:20,293.00,15,42,277,16,15,16,16,14,14,15,524,479,271,1
17:21:23,293.00,16,39,277,16,27,15,16,15,16,16,529,479,271,1
17:21:25,295.00,16,36,274,16,16,15,16,16,16,19,526,482,271,1
17:21:27,293.00,16,35,283,15,16,16,15,14,15,26,528,480,271,1
17:21:29,295.00,15,16,289,16,16,16,15,17,16,34,535,482,276,1
17:21:31,294.00,15,20,265,15,16,15,16,17,16,16,522,478,275,1
17:21:33,295.00,15,38,292,15,15,15,15,15,16,15,525,482,275,1
17:21:35,296.00,16,34,274,16,16,16,16,16,15,16,525,481,277,1
17:21:38,297.00,16,16,251,15,17,16,16,15,16,25,528,481,279,1
17:21:40,297.00,15,24,283,15,16,15,16,16,15,18,529,480,278,1
17:21:42,297.00,16,29,276,16,16,16,16,16,16,16,525,480,279,1
17:21:44,296.00,16,35,284,17,16,16,16,16,16,16,529,482,281,1
17:21:46,298.00,17,42,287,16,16,16,16,16,17,16,534,484,282,1
17:21:48,298.00,16,33,277,17,16,16,16,16,17,23,526,481,281,1
17:22:27,17.00,17,18,346,17,226,17,18,17,17,17,16,393,271,11
17:22:29,16.00,17,17,343,17,396,17,16,17,17,17,17,349,236,11
17:22:31,16.00,16,17,330,17,312,16,16,16,16,16,16,370,270,11
17:22:33,17.00,16,15,278,17,311,16,16,16,15,16,16,374,271,11
17:22:35,17.00,16,16,573,17,234,16,16,17,16,16,17,386,255,11
17:22:37,17.00,17,17,572,16,277,17,16,16,17,17,17,386,268,11
17:22:40,17.00,15,16,342,16,216,17,17,16,16,16,16,399,257,11
17:22:42,16.00,16,16,304,16,228,16,17,16,16,17,16,407,248,11
17:22:44,17.00,17,17,446,17,260,17,16,17,15,17,17,395,273,11
17:22:46,17.00,16,16,342,16,226,17,14,16,15,16,16,390,276,11
17:22:48,16.00,15,16,376,16,236,16,17,16,16,16,17,411,273,11
17:22:50,16.00,16,16,447,16,245,16,15,16,16,16,17,418,277,11
17:22:52,17.00,16,16,436,17,238,15,16,16,16,15,16,421,260,11
17:22:55,16.00,16,17,420,16,250,17,16,16,16,16,15,423,274,11
17:22:57,16.00,15,16,401,16,260,16,17,16,16,16,16,428,265,11
17:22:59,16.00,16,16,531,16,208,17,15,16,16,16,15,434,283,11
17:23:01,15.00,15,15,410,49,278,15,16,15,16,15,16,423,280,11
17:23:10,15.00,16,16,20,15,16,16,15,134,418,16,15,504,270,11
17:23:12,16.00,15,15,16,16,16,15,15,115,381,15,16,512,270,11
17:23:14,17.00,15,16,15,16,15,15,15,125,395,15,16,513,265,11
17:23:16,15.00,15,16,16,15,16,15,15,119,420,16,15,516,281,11
17:23:18,16.00,15,16,15,16,15,16,15,127,392,16,15,516,280,11
17:23:20,16.00,15,15,15,15,15,15,15,126,390,15,15,516,280,11
17:23:22,16.00,16,15,17,16,15,15,15,117,392,16,15,516,280,11
17:23:25,16.00,16,15,15,15,14,16,16,136,405,16,15,508,278,11
17:23:27,15.00,15,15,16,16,16,15,16,92,392,16,15,512,276,11
17:23:29,16.00,15,15,15,16,15,15,15,79,415,15,15,516,282,11
17:23:31,16.00,15,14,15,18,16,15,14,64,439,16,15,518,284,11
17:23:33,16.00,15,16,102,15,15,16,15,96,422,15,15,516,286,11
17:23:35,16.00,16,15,122,15,15,16,16,98,420,16,15,517,285,11
17:23:37,16.00,15,15,398,16,15,15,15,74,441,16,16,520,287,11
17:23:40,15.00,15,15,77,28,15,15,15,92,413,16,16,519,290,11
17:23:42,16.00,16,15,67,45,16,16,15,96,411,16,15,524,286,11
17:23:48,16.00,15,14,15,16,15,15,15,16,16,15,15,497,271,111
17:23:50,16.00,16,34,197,16,17,17,16,17,16,16,225,505,196,111
17:23:52,16.00,14,19,16,16,15,16,16,15,16,16,16,520,191,111
17:23:55,16.00,16,24,16,16,16,16,16,16,16,15,32,509,199,111
17:23:57,17.00,16,16,17,17,15,16,16,15,16,16,15,493,224,111
17:23:59,16.00,16,16,26,16,15,16,16,16,16,72,108,489,193,111
17:24:01,16.00,16,16,15,17,16,15,16,15,16,42,69,491,226,111
17:24:03,16.00,16,17,25,16,16,17,15,16,16,56,125,484,220,111
17:24:05,16.00,16,16,18,16,16,16,16,16,16,56,166,485,217,111
17:24:07,16.00,16,16,22,16,16,16,16,16,16,57,133,487,223,111
17:24:10,16.00,15,17,23,16,16,16,15,16,16,57,153,487,223,111
17:24:12,16.00,16,16,22,15,16,17,16,16,16,58,155,487,229,111
17:24:14,15.00,16,15,24,16,16,16,16,16,16,54,155,494,223,111
17:24:16,16.00,17,16,26,16,16,16,16,16,17,57,127,487,227,111
17:24:18,16.00,15,16,37,16,15,16,16,16,16,55,137,490,225,111
17:24:20,16.00,16,16,18,16,16,16,16,16,16,53,158,490,232,111
17:24:22,16.00,15,16,33,16,16,15,16,16,16,66,164,491,233,111
17:24:25,16.00,15,15,31,15,16,16,16,17,15,58,124,490,234,111
17:24:27,16.00,15,16,32,16,16,16,16,17,16,65,170,490,232,111
17:24:29,16.00,16,13,33,17,16,16,15,16,15,67,184,490,230,111
17:24:31,17.00,15,15,23,16,16,15,16,16,15,54,165,487,221,111
17:24:33,16.00,15,16,27,17,15,15,15,15,16,52,158,487,225,111
17:24:35,16.00,16,16,18,15,16,16,15,15,17,50,148,486,225,111
17:24:37,15.00,16,15,28,16,15,15,15,16,16,51,141,486,225,111
17:24:40,16.00,16,15,42,16,16,17,15,16,15,64,169,488,227,111
17:24:42,16.00,15,15,29,15,16,15,16,16,16,66,189,491,225,111
17:24:44,16.00,15,16,16,16,16,16,15,16,16,62,195,490,230,111
17:24:46,16.00,14,16,15,16,16,15,16,16,16,60,155,493,237,111
17:24:48,16.00,15,16,18,15,15,16,17,16,15,56,188,490,230,111
17:24:50,15.00,16,15,38,16,15,16,16,17,16,62,169,490,239,111
17:24:52,17.00,15,15,21,15,14,16,15,15,15,40,56,468,196,111
17:24:55,15.00,15,16,40,16,14,15,16,15,16,44,81,480,263,111
17:24:57,15.00,17,16,49,16,17,16,16,16,15,60,192,481,204,111
17:24:59,18.00,17,17,38,17,16,16,16,17,16,63,174,486,211,1
17:25:14,16.00,15,16,341,54,280,15,15,16,16,15,61,467,217,11
17:25:16,17.00,17,17,359,17,286,17,16,16,16,17,84,493,226,1111
17:25:18,17.00,16,16,339,51,263,17,16,16,17,17,44,497,236,1111
17:25:20,17.00,16,16,357,69,254,17,16,17,17,18,62,505,241,1111
17:25:22,16.00,16,16,328,16,320,17,17,16,17,16,65,491,234,1111
17:25:25,16.00,16,16,311,15,330,16,16,15,16,15,42,465,243,1111
17:25:27,16.00,17,16,183,16,277,16,16,15,16,18,25,468,215,1111
17:25:29,16.00,16,17,388,17,307,16,16,15,17,17,16,452,207,1111
17:25:31,17.00,16,16,378,16,269,16,17,17,16,16,60,491,230,1111
17:25:33,16.00,16,16,354,16,300,17,14,17,16,16,65,492,238,1111
17:25:35,17.00,16,16,368,16,258,16,16,16,16,16,16,453,192,1111
17:25:37,16.00,16,16,399,16,220,16,16,16,17,16,54,482,222,1111
17:25:39,16.00,16,16,300,17,177,16,16,16,15,15,51,496,228,1111
17:25:42,17.00,17,16,282,17,152,16,16,16,16,16,172,515,172,1111
17:25:44,17.00,16,16,523,16,215,17,16,16,16,16,62,496,139,1111
17:25:46,16.00,16,15,585,16,207,16,16,17,16,15,73,508,137,1111
17:25:48,16.00,15,15,566,15,207,16,16,15,16,15,79,511,143,1111
17:25:50,16.00,16,16,539,16,195,15,16,16,15,16,66,510,138,1111
17:25:52,17.00,16,16,543,16,198,16,16,16,16,16,62,513,146,1111
17:25:54,16.00,16,15,536,16,193,16,16,15,16,16,60,512,150,1111
17:25:57,16.00,16,16,538,16,211,16,16,15,16,16,67,512,153,1111
17:25:59,16.00,16,16,540,15,209,16,15,16,16,16,65,512,153,1111
17:26:01,17.00,16,17,563,16,225,16,17,16,16,16,66,515,157,1111
17:26:29,19.00,18,18,90,18,27,19,19,18,20,18,109,522,351,1
17:26:31,18.00,17,17,17,17,17,17,17,16,18,16,17,555,364,1
17:26:33,18.00,17,18,119,62,86,18,17,17,73,18,186,557,313,1
17:26:35,18.00,17,17,200,25,30,17,18,18,76,99,274,571,315,1
17:26:37,19.00,17,18,182,17,18,18,18,18,74,55,186,564,323,1
17:26:39,18.00,18,18,190,17,37,17,17,17,73,19,171,557,320,1
17:26:42,17.00,18,18,19,29,18,27,17,18,18,17,87,581,331,1
17:26:44,18.00,18,17,59,18,18,17,17,18,18,18,113,573,334,1
17:26:46,18.00,17,18,101,53,17,18,18,17,24,17,157,576,337,1
17:26:48,18.00,17,17,28,88,17,24,18,18,17,18,127,577,340,1
17:26:50,18.00,16,18,44,68,17,37,17,17,17,17,132,575,341,1
17:26:52,17.00,16,17,64,69,17,17,17,17,16,16,145,578,342,1
17:27:12,16.00,16,15,15,44,16,16,15,16,16,15,174,556,296,11
17:27:14,17.00,16,16,16,120,17,16,17,16,16,17,115,537,282,11
17:27:16,17.00,16,17,16,104,16,16,16,15,17,17,127,553,304,11
17:27:18,16.00,16,16,16,102,17,17,17,17,17,16,134,554,307,11
17:27:20,558.00,16,17,17,116,17,17,16,16,17,18,126,557,314,11
17:27:22,557.00,18,17,17,121,17,16,16,17,16,17,128,556,313,11
17:27:24,563.00,16,18,17,110,16,16,16,17,19,17,135,556,319,11
17:27:27,561.00,16,17,16,82,17,17,17,16,16,16,146,556,322,11
17:27:29,562.00,16,17,17,63,17,16,17,17,16,17,148,562,324,11
17:27:31,564.00,17,16,16,49,17,16,17,16,17,17,166,564,327,11
17:27:33,564.00,18,16,17,50,17,17,17,17,16,17,167,564,326,11
17:27:35,566.00,17,16,17,35,16,17,17,16,17,17,156,573,327,11
17:27:37,607.00,17,17,17,17,17,17,17,17,17,17,64,584,189,11
17:27:54,16.00,16,16,17,16,17,15,16,16,15,16,16,484,16,11
17:27:57,17.00,16,16,15,15,40,52,16,16,16,16,16,444,16,11
17:27:59,16.00,16,15,16,15,73,98,16,16,16,16,17,468,16,11
17:28:01,16.00,15,16,16,16,105,118,17,15,16,16,16,471,16,11
17:28:03,16.00,16,16,16,16,131,126,16,16,16,15,16,465,17,11
17:28:05,16.00,16,17,16,15,141,108,15,15,15,15,15,452,15,11
17:28:07,16.00,15,16,17,17,130,95,16,16,15,16,16,457,15,11
17:28:09,15.00,16,16,16,15,78,79,15,16,16,15,15,472,16,11
17:28:12,16.00,15,16,15,16,152,131,16,15,15,15,15,447,16,11
17:28:14,16.00,15,15,15,16,149,101,15,15,16,16,16,460,15,11
17:28:16,17.00,16,15,15,15,129,129,16,15,16,15,16,459,16,11
17:28:18,16.00,16,15,15,15,170,104,16,15,15,15,16,433,15,11
17:28:20,16.00,16,16,16,15,216,151,15,16,16,16,16,453,16,11
17:28:22,16.00,16,15,15,15,217,170,15,15,14,16,17,420,16,11
17:28:24,16.00,16,16,16,15,178,139,15,15,15,15,16,426,15,11
17:28:27,17.00,16,15,15,16,199,149,16,15,15,16,16,430,16,11
17:28:29,16.00,17,15,16,16,182,151,16,16,16,15,16,432,16,11
17:28:31,16.00,16,15,16,15,193,168,15,16,16,15,15,428,16,11
17:28:33,16.00,15,17,15,16,183,168,15,17,15,15,16,429,16,11
17:28:35,17.00,15,16,15,16,209,151,16,16,15,15,15,423,16,11
17:28:37,17.00,16,15,16,16,199,146,16,16,15,16,16,425,15,11
17:28:39,16.00,15,15,16,15,159,124,16,15,16,17,16,429,16,11
17:28:42,16.00,16,16,15,16,165,131,16,15,16,16,16,429,17,11
17:28:44,17.00,16,15,16,15,191,106,16,15,15,16,16,428,16,11
17:28:46,16.00,16,16,16,17,191,138,15,16,16,15,15,429,16,11
17:28:48,16.00,16,15,15,15,233,162,15,16,15,16,16,429,16,11
17:29:22,16.00,16,16,16,16,17,16,15,16,16,16,17,559,318,111
17:29:24,17.00,16,16,16,16,16,17,15,17,16,82,16,548,321,111
17:29:26,16.00,15,16,16,16,15,16,16,16,17,214,16,520,294,111
17:29:29,16.00,15,16,15,15,16,17,16,15,16,112,16,538,318,111
17:29:31,16.00,16,16,16,16,16,16,17,17,15,136,15,537,319,111
17:29:33,16.00,16,15,16,16,15,16,16,16,17,216,16,527,314,111
17:29:35,17.00,16,16,17,16,16,15,16,16,16,190,16,533,321,111
17:29:37,16.00,16,15,16,15,16,16,15,16,16,199,16,534,324,111
17:29:39,16.00,17,16,16,16,16,16,15,17,16,157,16,533,326,111
17:29:41,17.00,16,15,16,16,16,16,16,16,15,242,16,551,342,111
17:29:44,16.00,16,15,16,17,16,17,15,16,15,234,16,548,334,111
17:29:46,16.00,16,16,16,17,16,16,16,16,16,259,16,546,316,111
17:29:48,16.00,16,16,16,16,16,16,16,15,16,256,16,530,301,111
17:29:50,17.00,16,15,17,15,16,16,16,15,17,284,16,549,317,111
17:29:52,17.00,16,15,16,17,16,17,16,16,16,273,16,549,325,111
17:29:54,17.00,15,16,17,16,16,17,16,16,16,280,16,551,341,111
17:29:56,15.00,15,15,16,16,16,16,16,16,16,219,16,548,316,111
17:29:59,16.00,16,16,16,16,15,16,16,16,16,294,16,550,322,111
17:30:01,16.00,16,17,16,15,16,16,16,15,17,230,15,559,325,111
17:30:03,16.00,16,16,15,16,16,16,16,16,16,242,16,552,319,111
17:30:05,16.00,16,16,16,16,16,17,15,16,17,234,15,552,316,111
17:30:07,17.00,16,16,16,16,17,16,17,16,16,233,16,568,336,111
17:30:09,16.00,15,16,16,16,16,16,15,15,16,289,16,566,327,111
17:30:11,17.00,16,16,16,16,16,16,16,17,16,220,14,568,344,111
17:30:14,16.00,16,17,16,16,16,16,15,16,16,256,16,583,330,111
17:30:16,17.00,16,16,15,16,16,16,17,16,16,378,16,541,269,111
17:30:18,17.00,16,15,16,16,16,17,15,17,16,337,16,561,291,111
17:30:54,467.00,15,17,17,59,60,129,16,15,15,15,16,708,530,1111
17:30:56,551.00,17,16,16,78,58,135,16,15,16,16,16,708,479,1111
17:30:59,540.00,16,16,16,82,32,108,16,15,17,16,16,701,463,1111
17:31:01,560.00,17,16,16,129,25,50,16,16,15,16,16,712,485,1111
17:31:03,565.00,16,16,16,115,45,58,16,16,16,17,16,714,493,1111
17:31:05,565.00,16,16,15,116,69,68,16,16,16,15,16,717,490,1111
17:31:07,555.00,15,16,16,103,16,17,16,15,16,15,16,706,470,1111
17:31:09,552.00,17,17,15,101,17,16,16,15,15,15,15,694,455,1111
17:31:11,488.00,17,16,16,112,26,64,16,16,16,15,16,663,380,1111
17:31:14,465.00,17,16,16,120,28,90,16,17,16,16,16,620,368,1111
17:31:16,467.00,16,16,16,129,41,113,16,16,16,15,15,582,363,1111
17:31:18,479.00,16,16,16,170,72,151,16,16,16,16,15,646,404,1111
17:31:20,469.00,16,16,15,114,103,66,55,16,16,15,15,676,403,1111
17:31:22,464.00,16,16,16,123,136,58,72,16,16,16,15,669,395,1111
17:31:24,458.00,16,16,16,124,142,45,66,15,15,16,16,681,359,1111
17:31:26,447.00,16,16,15,124,112,56,76,16,16,16,16,673,382,1
17:32:01,358.00,16,15,224,155,117,139,86,16,67,16,461,627,308,1
17:32:03,355.00,15,15,184,136,101,126,109,16,65,15,455,630,311,1
17:32:05,200.00,15,16,202,147,124,119,43,16,75,15,445,635,324,1
17:32:07,214.00,15,16,205,138,119,105,52,16,75,16,461,635,329,1
17:32:09,351.00,16,16,204,171,126,108,40,16,76,16,470,636,331,1
17:32:11,343.00,15,16,230,167,69,16,173,18,136,16,474,656,338,1
17:32:13,346.00,15,17,122,255,66,88,51,16,59,16,419,644,327,1
17:32:16,349.00,16,16,132,217,96,190,100,16,70,16,420,641,326,1
17:32:18,306.00,15,16,134,229,98,230,109,17,68,16,408,644,329,1
17:32:20,236.00,16,16,138,164,94,131,129,16,78,15,405,647,332,1
17:32:22,344.00,15,16,135,153,91,132,135,15,78,16,403,646,332,1
17:32:24,351.00,16,16,127,149,84,126,128,17,65,15,411,647,335,1
17:32:26,349.00,15,16,133,170,96,133,138,17,75,15,406,645,334,1
17:32:28,342.00,16,15,134,178,93,133,135,15,74,15,405,646,335,1
17:32:31,345.00,16,17,142,145,93,136,137,16,83,16,405,645,335,1
17:32:33,349.00,16,16,146,183,96,135,112,16,84,16,407,646,338,1
17:32:35,344.00,16,15,144,174,87,119,116,17,88,15,409,646,339,1
17:32:37,353.00,16,16,158,130,81,123,126,16,72,16,412,644,337,1
17:32:39,347.00,15,16,158,151,92,84,112,15,92,16,418,644,338,1
17:32:41,340.00,15,15,164,141,101,73,109,16,92,15,420,645,336,1
17:32:43,345.00,16,16,160,138,104,88,129,16,91,16,407,645,335,1
17:32:46,347.00,16,16,172,158,103,69,98,16,97,15,425,644,338,1
17:33:50,218.00,17,16,16,92,17,17,16,212,17,16,274,613,16,11
17:33:52,216.00,16,15,16,94,15,16,29,207,15,15,252,607,15,11
17:33:54,192.00,16,17,16,16,15,16,16,122,112,16,270,596,15,11
17:33:56,205.00,15,16,16,74,16,16,16,221,200,16,268,599,16,11
17:33:58,205.00,15,16,19,89,15,15,17,230,223,16,268,596,16,11
17:34:01,205.00,15,15,36,90,16,16,15,216,154,15,267,598,16,11
17:34:03,207.00,16,16,15,193,15,16,15,171,84,16,253,567,16,11
17:34:05,209.00,16,16,16,82,15,16,55,216,110,16,239,568,40,11
17:34:07,211.00,15,15,15,73,15,15,71,225,106,15,241,575,23,11
17:34:09,211.00,16,16,16,76,15,15,63,230,108,15,243,574,21,11
17:34:11,202.00,16,15,15,87,16,16,69,226,131,15,241,580,16,11
17:34:13,207.00,16,15,15,72,15,16,60,224,122,15,237,578,20,11
17:34:15,211.00,16,15,16,87,16,16,62,250,150,16,253,582,15,11
17:34:18,209.00,16,16,16,72,16,16,59,246,163,16,245,579,21,11
17:34:20,211.00,15,16,16,83,15,15,75,260,147,15,256,580,67,11
17:34:22,210.00,16,15,16,77,16,15,62,264,155,16,256,581,36,11
17:34:24,211.00,14,15,15,86,16,16,70,267,149,16,262,582,40,11
17:34:26,211.00,16,16,16,80,15,15,66,271,169,14,258,582,46,11
17:34:28,211.00,15,16,16,78,16,16,52,269,174,16,259,582,37,11
17:34:30,209.00,16,15,16,69,15,16,50,273,167,16,258,580,72,11
17:34:33,209.00,17,16,16,74,15,16,53,271,170,16,256,579,67,11
17:34:35,212.00,16,16,16,84,16,15,52,256,174,17,258,582,68,11
17:34:37,212.00,16,16,17,77,16,16,53,270,173,16,202,566,69,11
17:34:39,213.00,16,15,16,78,15,17,48,268,173,16,211,564,95,11
17:34:41,211.00,16,17,13,75,16,16,51,278,193,15,216,565,101,11
17:34:43,215.00,16,13,15,80,15,16,51,268,165,16,217,570,90,11
17:34:45,216.00,16,16,16,70,16,16,64,259,178,16,231,575,100,11
17:34:48,195.00,15,16,16,65,16,18,49,281,184,15,237,570,148,11
17:34:50,196.00,16,16,17,85,15,15,36,263,150,16,235,572,153,11
17:34:52,168.00,16,16,15,69,17,16,44,260,141,16,236,568,148,11
17:34:54,170.00,17,16,16,78,16,16,50,290,140,16,226,566,161,11
17:37:03,299.00,16,16,339,16,185,16,16,16,17,16,99,665,270,11
17:37:05,316.00,16,16,652,16,126,17,16,15,16,17,313,590,16,11
17:37:07,264.00,16,16,419,16,296,52,16,16,16,16,16,468,17,11
17:37:09,228.00,15,16,467,17,343,42,15,28,15,15,15,486,16,11
17:37:11,225.00,16,16,486,16,348,39,15,16,15,15,33,489,15,11
17:37:13,227.00,15,16,488,15,350,43,16,19,16,16,34,490,16,11
17:37:15,231.00,15,16,493,16,347,39,16,30,16,16,37,492,16,11
17:37:17,231.00,16,15,507,15,348,47,17,16,16,16,43,492,16,11
17:37:20,227.00,17,16,500,26,347,47,16,16,16,16,42,495,16,11
17:37:22,229.00,15,16,504,32,343,45,15,16,15,15,47,496,15,11
17:37:24,230.00,16,17,511,15,355,53,16,15,15,16,41,497,16,11
17:37:26,232.00,16,15,515,27,355,40,16,16,16,16,45,496,15,11
17:37:28,230.00,16,16,516,15,345,47,16,16,16,16,54,497,16,11
17:37:30,233.00,15,14,518,27,349,45,15,16,15,15,52,501,16,11
17:37:32,235.00,15,16,504,40,353,45,16,15,16,16,53,498,16,11
17:37:35,229.00,15,15,506,33,354,45,15,16,16,15,47,502,16,11
17:37:37,229.00,16,15,480,37,354,56,15,16,16,15,43,502,16,11
17:37:39,232.00,16,16,513,35,369,52,16,15,16,15,39,501,16,11
17:37:41,228.00,16,15,482,43,367,57,15,16,16,15,40,504,16,11
17:37:43,225.00,15,16,486,39,366,57,16,17,16,16,43,504,15,11
17:37:45,228.00,16,15,503,15,373,42,15,16,15,16,49,503,15,11
17:37:47,230.00,16,16,490,16,334,128,16,15,15,16,33,504,15,11
17:37:50,229.00,16,16,483,16,366,90,14,16,15,15,57,497,15,11
17:37:52,231.00,16,16,487,15,371,104,16,16,15,16,53,498,16,11
17:37:54,231.00,16,15,490,15,373,101,15,15,15,16,48,498,15,11
17:37:56,232.00,16,16,489,16,372,102,17,15,16,15,55,499,16,11
17:37:58,233.00,15,16,494,16,375,106,16,15,15,16,53,499,15,11
17:38:00,233.00,16,15,498,16,379,104,15,16,16,15,48,500,15,11
17:38:17,351.00,15,15,70,16,16,16,16,16,15,15,15,397,328,111
17:38:20,403.00,16,16,16,16,15,17,16,16,15,15,16,529,337,111
17:38:22,387.00,16,16,266,15,31,15,16,17,363,16,15,514,296,111
17:38:24,398.00,16,16,153,16,15,16,15,16,54,15,15,474,309,111
17:38:26,396.00,16,15,151,17,15,15,15,17,50,15,16,481,311,111
17:38:28,403.00,15,16,152,15,16,16,16,15,70,17,16,492,323,111
17:38:30,401.00,15,16,150,16,16,16,16,15,70,15,16,490,322,111
17:38:32,398.00,17,15,169,16,16,15,16,15,56,15,16,490,320,111
17:38:35,399.00,16,16,162,16,16,16,15,16,44,15,16,493,324,111
17:38:37,399.00,15,16,149,15,17,16,15,17,32,16,16,492,325,111
17:38:39,399.00,15,15,151,16,15,16,16,16,34,17,16,493,324,111
17:38:41,400.00,16,16,155,15,16,15,15,15,20,16,16,494,326,111
17:38:43,400.00,16,16,159,15,16,16,16,15,35,16,16,494,327,111
17:38:45,401.00,15,15,134,15,16,15,16,15,46,15,16,491,328,111
17:38:47,398.00,15,15,152,16,16,16,15,16,27,15,16,496,328,111
17:38:50,410.00,15,16,16,16,15,16,15,16,16,17,16,525,345,111
17:38:52,409.00,15,16,15,16,16,16,16,15,16,16,16,557,361,111
17:38:54,416.00,15,15,217,16,16,15,16,16,16,16,15,522,327,111
17:38:56,421.00,16,16,420,15,16,16,15,15,15,16,16,509,327,111
17:38:58,419.00,16,15,425,16,16,15,15,16,16,15,15,505,325,111
17:39:00,418.00,15,15,435,16,16,16,15,15,16,14,16,504,325,111
17:39:02,418.00,15,16,429,16,16,16,15,15,14,16,16,502,325,111
17:39:05,400.00,17,16,416,15,16,16,15,16,16,15,16,532,342,111
17:39:07,407.00,16,15,511,16,16,16,16,16,16,17,16,524,337,111
17:39:09,408.00,16,17,465,16,16,16,16,16,16,16,17,524,338,111
17:39:11,405.00,16,16,548,16,16,15,16,16,17,16,15,503,331,111
17:39:13,410.00,17,16,556,16,16,16,16,16,16,16,15,507,334,111
17:39:15,408.00,16,16,575,15,16,16,16,15,16,16,16,516,339,111
17:39:17,406.00,15,17,565,16,16,15,16,16,15,16,16,511,336,111
17:39:20,402.00,16,16,568,16,15,17,16,14,16,16,16,507,334,111
17:39:22,404.00,16,16,568,16,16,15,16,16,16,16,16,506,333,111
17:39:24,401.00,16,16,566,16,16,16,16,17,15,16,16,503,332,111
17:39:26,403.00,16,16,571,16,15,16,17,16,15,16,16,505,332,111
17:39:28,404.00,17,16,580,15,15,16,16,15,15,16,16,502,331,111
17:39:30,405.00,17,16,579,16,16,15,16,16,16,16,15,505,333,111
17:39:32,405.00,15,16,578,16,16,16,16,16,17,15,15,505,334,111
17:39:35,407.00,16,15,580,16,16,16,17,16,16,15,16,522,342,111
17:39:37,400.00,16,16,552,16,16,14,16,15,15,16,17,519,338,111
17:39:39,399.00,15,16,491,16,16,15,17,16,15,16,15,513,334,111
17:39:41,400.00,16,16,521,16,15,15,16,15,16,15,16,519,336,111
17:39:43,399.00,15,15,536,16,16,16,16,16,16,16,16,514,337,111
17:39:45,401.00,15,15,424,16,16,16,17,15,17,17,16,526,341,111
17:39:47,399.00,16,16,533,16,17,16,15,15,15,16,16,519,339,111
17:39:50,403.00,16,16,541,16,16,15,16,16,17,16,15,519,341,111
17:39:52,408.00,16,16,525,16,15,16,17,16,15,15,16,519,332,111
17:39:54,368.00,15,16,564,16,16,16,16,16,16,16,16,537,291,111
17:39:56,409.00,16,15,578,15,15,15,16,16,16,17,17,521,308,111
17:39:58,403.00,15,15,601,16,16,16,16,16,16,16,15,523,314,111
17:40:00,401.00,16,16,589,15,16,16,16,16,16,15,16,525,314,111
17:40:49,391.00,16,15,225,42,94,16,16,16,16,16,17,510,392,1111
17:40:52,331.00,16,16,213,50,91,16,41,16,16,16,16,501,362,1111
17:40:54,359.00,16,15,250,71,107,16,105,36,15,16,15,458,347,1111
17:40:56,258.00,15,15,337,60,202,79,164,65,16,17,16,392,294,1111
17:40:58,222.00,15,17,477,23,115,407,132,58,18,16,15,386,257,1111
17:41:00,198.00,16,17,480,50,246,366,184,117,35,16,110,391,236,1111
17:41:02,306.00,16,16,526,76,222,143,128,55,16,16,31,387,259,1111
17:41:04,182.00,16,16,387,17,17,656,244,104,29,16,16,370,264,1111
17:41:07,204.00,16,16,488,17,66,273,163,118,42,16,16,419,274,1111
17:41:09,179.00,17,16,450,21,40,573,227,137,16,16,19,385,244,1111
17:41:11,200.00,16,15,409,17,16,639,247,99,16,17,15,371,251,1111
17:41:13,180.00,17,16,439,16,16,663,256,120,16,16,16,371,254,1111
17:41:15,184.00,16,16,449,17,63,612,273,126,17,16,16,371,252,1111
17:41:17,185.00,16,16,449,15,55,629,269,127,26,16,16,369,253,1111
17:41:19,182.00,16,17,462,16,66,414,498,141,16,16,15,387,266,1111
17:41:22,202.00,15,16,518,31,68,326,352,161,20,16,16,387,268,1111
17:41:24,189.00,17,16,448,17,24,503,265,155,16,16,16,374,257,1111
17:41:26,164.00,16,16,468,48,75,454,400,168,15,16,16,391,282,1111
17:41:28,193.00,17,16,238,45,72,598,449,63,16,16,17,393,281,1111
17:41:30,178.00,16,15,437,17,84,636,380,94,71,16,16,408,284,1111
17:41:32,188.00,16,16,436,55,17,627,199,75,16,15,16,407,285,1111
17:41:34,185.00,16,16,407,44,16,643,183,87,93,17,16,402,282,1111
17:41:37,187.00,17,16,322,62,16,662,194,59,101,15,17,398,286,1111
17:41:39,192.00,16,16,367,40,16,668,224,41,69,17,16,377,264,1111
17:41:41,199.00,16,16,376,49,15,663,228,48,60,15,16,385,272,1111
17:41:43,197.00,17,16,381,47,16,682,242,47,65,16,16,374,272,1111
17:41:45,194.00,16,17,384,53,16,683,242,45,65,15,16,373,271,1111
17:41:47,197.00,16,15,380,48,15,689,264,44,43,16,16,375,251,1111
17:41:49,329.00,16,16,146,49,15,524,256,33,15,16,16,426,298,1111
17:41:52,428.00,15,16,152,16,16,16,17,16,15,15,16,530,401,1111
17:42:07,278.00,14,15,15,15,168,14,14,28,14,15,14,441,212,1
17:42:09,280.00,14,14,15,15,197,15,15,37,16,15,15,441,219,1
17:42:11,280.00,14,15,15,14,207,14,14,47,15,14,15,443,219,1
17:42:13,279.00,14,15,15,15,217,15,15,49,15,15,15,442,221,1
17:42:15,280.00,15,15,15,15,211,15,15,50,15,15,15,444,222,1
17:42:17,281.00,15,14,15,15,153,14,14,41,14,15,15,452,223,1
17:42:19,279.00,15,15,15,16,72,15,14,28,15,15,15,441,211,1
17:42:22,285.00,15,15,15,15,195,15,15,33,15,15,15,445,220,1
17:42:24,284.00,15,15,15,14,219,14,15,34,15,14,15,443,221,1
17:42:26,280.00,14,15,14,15,215,15,15,38,16,16,14,448,223,1
17:42:28,281.00,14,15,15,15,205,15,15,39,14,14,14,448,223,1
17:42:30,277.00,15,15,15,14,171,14,15,50,15,14,15,456,225,1
17:42:32,282.00,15,14,14,15,293,15,16,39,15,16,15,452,223,1
17:42:34,266.00,15,15,14,15,75,14,14,65,15,16,15,449,211,1
17:42:37,271.00,15,14,15,15,207,15,14,47,15,15,15,461,210,1
17:42:39,275.00,15,15,14,15,52,15,15,15,15,14,31,453,205,1
17:42:41,260.00,15,15,17,14,15,14,15,15,67,14,57,472,208,1
17:42:43,272.00,15,14,15,15,127,15,14,29,47,15,80,457,210,1
17:42:45,269.00,15,16,15,15,128,15,15,30,46,14,81,453,212,1
17:42:47,269.00,14,14,15,15,105,14,15,31,41,15,90,454,213,1
17:42:49,268.00,14,16,15,15,106,15,14,32,44,14,81,456,217,1
17:42:51,270.00,16,16,15,15,163,14,15,36,47,15,84,454,216,1
17:42:54,272.00,16,15,16,15,179,15,15,38,47,15,89,455,218,1
17:43:00,136.00,15,14,76,15,153,15,14,14,15,15,15,14,36,11
17:43:02,146.00,15,15,101,15,51,15,15,15,15,15,15,14,60,11
17:43:04,143.00,15,14,111,15,43,15,15,14,15,15,15,15,55,11
17:43:06,133.00,15,15,94,14,75,14,14,15,14,14,14,16,50,11
17:43:09,135.00,14,16,99,14,97,15,15,15,14,15,15,16,56,11
17:43:11,133.00,15,15,89,15,61,15,15,15,16,15,14,14,63,11
17:43:13,133.00,14,15,108,15,90,16,14,15,15,14,14,15,70,11
17:43:15,133.00,15,15,106,15,99,15,15,14,15,15,15,15,70,11
17:43:17,138.00,16,15,100,14,111,14,15,15,15,15,15,14,68,11
17:43:19,132.00,14,14,83,15,97,15,15,15,15,15,15,15,76,11
17:43:21,134.00,15,15,102,14,97,15,15,15,15,15,15,14,77,11
17:43:24,131.00,15,14,99,15,109,16,14,15,15,14,15,15,85,11
17:43:26,131.00,15,15,100,16,86,15,15,15,16,15,14,14,78,11
17:43:28,132.00,14,14,98,15,100,15,15,15,14,15,14,16,71,11
17:43:30,130.00,15,15,105,15,106,14,14,15,14,15,15,16,75,11
17:43:32,132.00,15,15,101,15,100,15,15,14,15,16,15,15,75,11
17:43:34,131.00,14,15,107,15,98,15,15,16,15,15,14,15,74,11
17:43:36,133.00,14,15,105,14,112,16,15,15,16,14,15,15,77,11
17:43:39,130.00,15,16,105,15,104,15,14,15,15,15,15,15,77,11
17:43:41,131.00,14,15,106,15,102,15,15,14,15,15,15,15,78,11
17:43:43,131.00,15,15,103,15,103,14,15,15,16,15,15,15,74,11
17:43:45,132.00,15,15,101,15,132,15,16,15,15,15,15,16,77,11
17:43:47,131.00,15,15,107,15,89,15,15,16,15,15,15,15,75,11
17:43:54,16.00,16,15,15,16,16,15,15,15,14,15,143,537,115,11
17:43:56,16.00,15,15,14,16,15,15,15,15,15,15,137,540,131,11
17:43:58,16.00,15,14,15,15,15,15,15,15,14,15,141,544,137,11
17:44:00,15.00,15,15,15,16,16,15,14,15,16,15,140,546,143,11
17:44:02,15.00,16,14,15,15,16,15,15,15,15,15,132,551,142,11
17:44:04,15.00,14,14,15,15,15,15,14,15,15,15,137,555,147,11
17:44:06,16.00,15,15,14,15,16,15,15,15,14,15,124,557,144,11
17:44:09,16.00,15,14,14,15,15,15,15,15,15,15,131,557,146,11
17:44:11,15.00,14,15,14,15,15,15,14,15,15,16,135,557,148,11
17:44:13,16.00,15,15,16,15,15,15,15,16,15,16,134,559,150,11
17:44:15,15.00,16,16,15,15,15,15,16,16,15,15,126,557,152,11
17:44:17,15.00,15,15,15,16,16,15,15,15,16,15,126,557,151,11
17:44:19,15.00,15,15,16,13,15,14,15,15,15,14,114,556,139,11
17:44:21,16.00,16,15,15,15,15,16,15,15,14,15,76,556,142,11
17:44:24,16.00,15,15,15,15,15,15,15,16,14,15,122,560,141,11
17:44:26,15.00,15,15,15,15,15,15,15,14,14,15,114,558,145,11
17:44:28,15.00,14,14,15,15,16,15,15,15,15,15,135,558,150,11
17:44:30,16.00,14,15,14,16,15,14,15,14,15,15,142,558,152,11
17:44:32,16.00,15,15,16,15,15,15,15,16,15,15,122,558,157,11
17:44:34,16.00,15,15,15,15,15,16,15,16,15,15,97,558,154,11
17:44:41,253.00,16,16,15,16,15,15,15,15,16,16,16,478,16,111
17:44:43,198.00,15,16,15,15,16,15,15,16,15,15,16,523,16,111
17:44:45,198.00,16,15,15,15,16,16,16,16,15,15,16,591,15,111
17:44:47,197.00,16,15,15,15,15,15,15,16,16,15,16,568,16,111
17:44:49,192.00,16,15,15,15,15,15,16,15,15,16,16,564,15,111
17:44:51,197.00,15,15,15,14,16,16,15,15,15,15,16,560,15,111
17:44:54,193.00,15,15,16,15,15,15,15,16,15,14,15,559,16,111
17:44:56,198.00,15,15,15,16,15,15,14,15,15,15,15,557,15,111
17:44:58,198.00,16,15,15,15,14,15,15,15,16,16,15,559,15,111
17:45:04,162.00,16,19,15,16,103,15,15,51,41,16,15,509,15,1111
17:45:06,159.00,14,15,15,16,178,15,15,47,36,15,16,486,15,1111
17:45:09,165.00,16,16,16,16,268,99,55,73,15,15,15,363,16,1111
17:45:11,166.00,15,15,15,15,308,35,85,129,15,15,15,429,15,1111
17:45:13,163.00,16,15,15,15,330,15,20,154,21,15,16,466,15,1111
17:45:15,162.00,16,16,15,16,315,16,68,60,16,16,16,455,16,1111
17:45:17,166.00,16,16,16,15,164,16,17,191,45,16,16,481,16,1111
17:45:19,161.00,16,17,16,16,215,15,16,112,42,16,16,463,16,1111
17:45:21,163.00,16,16,15,15,283,15,16,144,38,16,16,460,16,1111
17:45:23,162.00,15,15,15,15,212,15,55,189,73,16,15,482,15,1111
17:45:26,164.00,16,15,15,16,269,16,15,101,46,16,16,467,15,1111
17:45:28,165.00,15,16,16,16,304,16,16,121,45,15,15,463,15,1111
17:45:30,165.00,15,16,16,15,294,16,15,123,48,16,16,459,16,1111
17:45:32,166.00,16,16,15,15,307,15,16,144,49,16,16,461,15,1111
17:45:34,165.00,16,16,15,16,309,15,16,143,51,15,15,463,15,1111
17:45:36,165.00,15,15,15,15,306,15,15,140,50,15,15,464,16,1111
17:45:38,166.00,15,15,15,15,313,14,15,144,50,15,15,463,16,1111
17:45:41,166.00,15,15,15,15,322,15,15,153,50,15,15,462,16,1111
17:45:43,165.00,15,15,15,16,320,16,15,146,46,15,15,462,16,1111
17:45:45,166.00,15,15,16,16,318,15,16,142,47,16,16,464,15,1111
17:45:47,167.00,15,16,16,15,316,17,16,134,45,16,16,462,15,1111
17:46:43,57.00,15,16,37,16,213,15,16,18,114,109,16,331,462,1
17:46:45,102.00,15,15,43,16,250,15,16,95,110,56,15,310,459,1
17:46:47,137.00,16,60,16,16,154,15,16,34,71,85,16,340,501,1
17:46:49,171.00,16,29,14,15,67,15,16,16,94,69,15,314,500,1
17:46:51,172.00,15,16,15,15,178,15,15,43,99,50,15,293,500,1
17:46:53,163.00,15,16,15,15,153,16,15,40,94,60,15,304,504,1
17:46:56,163.00,16,15,15,16,172,15,16,50,92,63,16,305,504,1
17:46:58,155.00,16,15,16,14,161,15,15,42,98,64,16,316,506,1
17:47:00,161.00,15,16,15,16,145,15,15,41,101,68,15,317,506,1
17:47:02,161.00,15,16,15,14,153,15,16,44,104,66,16,320,508,1
17:47:04,162.00,16,16,16,15,152,15,16,45,98,66,15,317,506,1
17:47:06,162.00,15,15,14,15,151,15,15,41,102,64,16,320,507,1
17:47:08,163.00,15,16,15,15,155,15,16,42,105,66,15,322,508,1
17:47:11,163.00,15,16,16,15,162,15,15,44,99,63,15,319,508,1
17:47:13,168.00,16,16,15,16,142,16,16,40,105,63,16,325,509,1
17:47:15,167.00,15,15,15,16,162,15,16,44,105,56,16,319,510,1
17:47:17,166.00,15,15,16,16,159,15,16,32,92,62,15,323,508,1
17:47:19,170.00,16,16,15,14,145,16,16,36,103,64,15,327,510,1
17:47:21,168.00,15,16,15,15,166,15,15,35,87,60,15,324,509,1
17:47:23,169.00,15,15,15,16,157,16,15,46,99,56,15,326,510,1
17:47:26,171.00,15,15,15,16,164,15,16,35,100,65,15,328,510,1
17:47:28,171.00,16,17,16,15,164,16,15,40,97,59,16,326,509,1
17:47:30,170.00,16,14,21,16,167,16,15,43,101,63,15,327,511,1
17:47:32,171.00,14,14,20,15,165,15,16,26,84,68,15,329,512,1
17:47:34,171.00,16,16,27,16,166,16,16,35,80,69,16,328,511,1
17:47:36,169.00,15,16,30,16,164,16,16,38,85,69,16,329,511,1
17:47:38,173.00,15,17,29,15,158,15,15,25,85,70,15,332,512,1
17:47:41,132.00,16,37,31,15,149,16,15,23,71,67,17,351,506,1
17:47:43,148.00,16,40,28,14,159,16,16,34,87,74,15,339,507,1
17:47:45,152.00,17,43,31,15,162,16,15,27,88,76,15,345,509,1
17:47:47,150.00,16,43,35,16,163,16,16,29,79,75,17,341,509,1
17:47:49,153.00,15,43,37,15,160,16,15,37,86,71,15,341,509,1
17:47:51,142.00,16,39,40,15,160,15,15,40,92,71,15,327,519,1
17:47:53,215.00,15,15,15,16,224,55,15,15,67,20,16,288,502,1
17:47:55,209.00,16,15,15,15,236,36,15,16,64,36,16,291,504,1
17:47:58,211.00,15,15,16,15,229,42,16,16,73,45,15,308,505,1
17:48:00,210.00,15,15,15,16,239,36,15,16,70,44,16,298,500,1
17:48:02,206.00,16,16,18,16,240,36,15,16,74,49,15,300,503,1
17:48:04,209.00,16,16,31,15,241,40,14,16,77,52,16,304,503,1
17:48:06,210.00,15,16,28,16,244,41,17,16,75,49,15,303,505,1
17:48:08,209.00,15,15,33,16,244,44,16,16,75,51,15,302,504,1
17:48:10,213.00,15,16,34,15,243,17,16,15,75,49,16,307,504,1
17:48:13,212.00,16,16,39,15,247,27,16,14,74,53,16,300,502,1
17:48:15,206.00,16,16,43,16,246,19,15,15,75,54,16,300,503,1
17:48:17,212.00,15,16,27,15,237,16,15,15,79,54,16,305,503,1
17:48:19,233.00,15,15,15,15,179,70,16,16,67,21,16,300,538,1
17:48:21,161.00,15,15,15,16,191,43,15,15,96,59,16,317,496,1
17:48:23,171.00,15,16,15,15,196,42,15,15,88,54,15,317,498,1
17:48:25,177.00,15,15,15,15,197,54,15,15,89,63,16,319,498,1
17:48:28,173.00,15,15,16,15,200,47,14,14,88,54,16,315,498,1
17:48:30,177.00,15,15,15,15,202,40,15,15,69,66,15,318,499,1
17:48:32,173.00,15,15,15,16,205,52,16,15,72,51,16,314,499,1
17:48:47,541.00,16,16,302,16,29,16,16,16,16,47,254,236,404,11
17:48:49,544.00,15,15,314,16,31,16,16,16,16,53,258,230,406,11
17:48:51,546.00,16,16,309,15,38,15,16,15,15,48,240,228,410,11
17:48:53,546.00,16,16,317,15,29,16,16,15,16,49,255,229,413,11
17:48:55,545.00,16,17,319,15,29,15,16,15,15,50,269,226,414,11
17:48:58,546.00,15,16,320,14,33,16,15,16,15,54,268,228,418,11
17:49:00,546.00,15,16,322,16,28,15,16,17,16,55,270,226,419,11
17:49:02,544.00,15,15,330,16,27,16,16,16,16,55,269,224,419,11
17:49:04,546.00,16,15,329,15,33,16,16,16,15,56,273,232,422,11
17:49:06,546.00,15,16,329,15,27,16,15,15,16,56,267,225,421,11
17:49:15,354.00,16,16,16,66,16,16,16,104,404,39,277,283,16,11
17:49:17,358.00,16,15,15,60,15,16,16,95,424,55,267,286,15,11
17:49:19,359.00,16,16,15,61,16,16,15,103,442,55,295,283,16,11
17:49:21,360.00,16,16,16,65,16,17,16,115,424,54,283,284,16,11
17:49:23,361.00,17,17,16,35,16,16,16,119,432,56,287,284,16,11
17:49:25,361.00,14,16,15,52,17,16,16,127,432,57,285,282,16,11
17:49:28,362.00,16,15,16,44,16,16,16,123,434,57,292,285,16,11
17:49:30,362.00,15,15,16,44,16,15,16,133,449,55,289,278,16,11
17:49:32,362.00,16,16,16,44,16,16,14,139,436,57,285,280,16,11
17:49:34,362.00,16,15,16,36,16,16,15,140,445,53,286,279,15,11
17:49:36,361.00,15,15,16,30,16,15,15,135,435,54,280,281,16,11
17:49:45,470.00,16,16,15,15,16,16,16,15,16,16,16,222,15,111
17:49:47,470.00,16,17,17,16,17,15,15,16,16,16,16,233,16,111
17:49:49,471.00,16,15,15,15,15,15,16,16,15,15,15,230,16,111
17:49:51,470.00,16,15,16,16,16,16,16,16,16,16,17,229,16,111
17:49:53,468.00,15,15,16,15,16,16,15,15,15,15,15,256,15,111
17:49:55,467.00,16,16,16,17,16,16,16,16,16,16,16,255,16,111
17:49:58,470.00,16,16,17,17,16,17,16,16,16,16,15,278,17,111
17:50:00,469.00,16,16,16,17,17,17,17,17,17,16,16,237,16,111
17:50:02,469.00,16,16,17,16,17,16,17,17,17,16,16,239,16,111
17:50:19,421.00,16,16,115,50,310,17,166,180,185,16,160,419,307,1111
17:50:21,420.00,16,17,136,40,319,16,181,177,187,15,148,421,309,1111
17:50:23,419.00,17,17,129,29,324,16,170,171,185,16,151,424,311,1111
17:50:25,418.00,16,16,140,17,315,16,175,182,179,17,153,425,310,1111
17:50:27,419.00,16,17,137,36,327,16,184,193,193,17,149,422,309,1111
17:50:30,420.00,16,17,118,38,331,17,184,195,173,17,142,424,312,1111
17:50:32,415.00,16,17,144,39,292,16,182,185,188,16,156,422,311,1111
17:50:34,417.00,17,17,154,41,305,17,184,186,182,17,154,422,312,1111
17:50:36,419.00,16,16,153,37,309,15,194,190,190,15,150,426,314,1111
17:50:38,418.00,17,17,156,32,311,17,187,189,192,17,151,420,311,1111
17:50:40,420.00,17,16,166,36,315,17,193,195,188,16,151,424,315,1111
17:50:42,420.00,16,16,157,39,321,16,183,196,179,17,148,425,316,1111
17:50:45,417.00,17,16,133,16,369,16,172,190,186,16,152,423,306,1111
17:50:47,416.00,16,17,164,17,301,17,232,178,185,16,140,424,311,1111
17:50:49,420.00,16,16,122,17,384,17,180,165,173,16,203,438,316,1111
17:50:51,422.00,17,16,139,17,374,17,147,176,165,15,218,445,322,1111
17:50:53,414.00,16,16,159,17,426,17,142,179,179,17,220,442,320,1111
17:50:55,413.00,17,16,145,16,373,16,98,200,172,16,224,447,320,1111
17:50:57,414.00,15,16,161,16,343,17,123,193,209,16,218,444,319,1111
17:51:00,413.00,16,16,155,17,320,16,115,189,212,18,223,443,315,1111
17:51:02,413.00,17,16,154,17,344,17,98,203,214,17,229,446,320,1111